{
  "type": "Feature",
  "properties": {
    "route_id": "manastir-sergija-rumija"
  },
  "geometry": {
    "type": "LineString",
    "coordinates": [
      [
        19.181685,
        42.0942114,
        966.8
      ],
      [
        19.1816754,
        42.09422,
        967
      ],
      [
        19.1816192,
        42.0942813,
        967.4
      ],
      [
        19.1815571,
        42.0943365,
        967.8
      ],
      [
        19.1815443,
        42.0943442,
        968
      ],
      [
        19.181469,
        42.0943885,
        968.4
      ],
      [
        19.1813991,
        42.0944206,
        968.8
      ],
      [
        19.1813657,
        42.0944358,
        969
      ],
      [
        19.1813439,
        42.0944442,
        969.2
      ],
      [
        19.1812636,
        42.0944832,
        969.4
      ],
      [
        19.1812341,
        42.0944934,
        969.6
      ],
      [
        19.18117,
        42.0945097,
        970
      ],
      [
        19.181127,
        42.0945305,
        970.2
      ],
      [
        19.1810502,
        42.0945581,
        970.6
      ],
      [
        19.1810242,
        42.0945767,
        970.8
      ],
      [
        19.1809968,
        42.0945927,
        971
      ],
      [
        19.1809093,
        42.0946322,
        971.8
      ],
      [
        19.1808704,
        42.0946558,
        972.2
      ],
      [
        19.1808025,
        42.0946966,
        972.8
      ],
      [
        19.1807477,
        42.0947287,
        973.2
      ],
      [
        19.1806969,
        42.0947576,
        973.6
      ],
      [
        19.1806305,
        42.094793,
        974.2
      ],
      [
        19.1806028,
        42.0948121,
        974.4
      ],
      [
        19.1805348,
        42.0948594,
        974.8
      ],
      [
        19.1805126,
        42.0948755,
        975
      ],
      [
        19.1804866,
        42.094891,
        975.4
      ],
      [
        19.1804141,
        42.0949415,
        976.2
      ],
      [
        19.1804018,
        42.094949,
        976.4
      ],
      [
        19.1803893,
        42.0949573,
        976.6
      ],
      [
        19.1803317,
        42.095004,
        977.2
      ],
      [
        19.1803157,
        42.0950209,
        977.4
      ],
      [
        19.180288,
        42.0950477,
        977.8
      ],
      [
        19.180233,
        42.0951053,
        978.2
      ],
      [
        19.1802155,
        42.095125,
        978.4
      ],
      [
        19.1801968,
        42.0951471,
        978.8
      ],
      [
        19.1801742,
        42.0952019,
        979.6
      ],
      [
        19.180155,
        42.0952416,
        980.6
      ],
      [
        19.1801277,
        42.0952996,
        980.8
      ],
      [
        19.1801189,
        42.0953308,
        981.2
      ],
      [
        19.180114,
        42.0953913,
        981.6
      ],
      [
        19.1801002,
        42.0954217,
        981.8
      ],
      [
        19.1800836,
        42.0954642,
        982.4
      ],
      [
        19.1800809,
        42.0954706,
        982.6
      ],
      [
        19.1800763,
        42.0954789,
        982.6
      ],
      [
        19.1800407,
        42.095524,
        983.6
      ],
      [
        19.1800329,
        42.0955307,
        983.6
      ],
      [
        19.1799966,
        42.0955774,
        984.8
      ],
      [
        19.1799903,
        42.0955842,
        985
      ],
      [
        19.1799536,
        42.095617,
        985.8
      ],
      [
        19.1799352,
        42.0956395,
        986.2
      ],
      [
        19.1799161,
        42.0956612,
        986.8
      ],
      [
        19.1798909,
        42.0956938,
        987.6
      ],
      [
        19.1798774,
        42.0957113,
        988.2
      ],
      [
        19.1798461,
        42.0957671,
        988.8
      ],
      [
        19.1798512,
        42.0957848,
        989
      ],
      [
        19.179865,
        42.0958008,
        989.2
      ],
      [
        19.1799028,
        42.0958358,
        989.8
      ],
      [
        19.1799255,
        42.0958469,
        990.4
      ],
      [
        19.1799622,
        42.0958514,
        990.8
      ],
      [
        19.1799738,
        42.0958467,
        991
      ],
      [
        19.179996,
        42.09584,
        991.4
      ],
      [
        19.180041,
        42.0958062,
        992.6
      ],
      [
        19.1800543,
        42.095799,
        992.8
      ],
      [
        19.1801117,
        42.095788,
        993.8
      ],
      [
        19.1801347,
        42.0957899,
        994
      ],
      [
        19.1802006,
        42.0957757,
        994.8
      ],
      [
        19.1802306,
        42.0957758,
        995
      ],
      [
        19.1803147,
        42.0957621,
        995.4
      ],
      [
        19.1803235,
        42.09576,
        995.6
      ],
      [
        19.1803368,
        42.0957572,
        995.8
      ],
      [
        19.1804277,
        42.0957421,
        996.8
      ],
      [
        19.1804448,
        42.095739,
        996.8
      ],
      [
        19.1804542,
        42.0957381,
        997
      ],
      [
        19.180528,
        42.0957395,
        997.8
      ],
      [
        19.1805414,
        42.0957486,
        998
      ],
      [
        19.1805502,
        42.0957522,
        998
      ],
      [
        19.1806249,
        42.0957881,
        999
      ],
      [
        19.180678,
        42.0958165,
        999.8
      ],
      [
        19.1806884,
        42.0958226,
        1000
      ],
      [
        19.1807544,
        42.0958597,
        1000.8
      ],
      [
        19.1807705,
        42.0958754,
        1000.8
      ],
      [
        19.1807891,
        42.0959,
        1001.2
      ],
      [
        19.1807917,
        42.0959382,
        1001.8
      ],
      [
        19.1807581,
        42.0959846,
        1002.2
      ],
      [
        19.1807352,
        42.0959921,
        1002.4
      ],
      [
        19.18065,
        42.096021,
        1002.4
      ],
      [
        19.1806378,
        42.0960261,
        1002.4
      ],
      [
        19.1805944,
        42.0960769,
        1002.2
      ],
      [
        19.1806006,
        42.0960966,
        1002.4
      ],
      [
        19.1806266,
        42.0961524,
        1003
      ],
      [
        19.1806346,
        42.09616,
        1003.2
      ],
      [
        19.1806472,
        42.0961684,
        1003.4
      ],
      [
        19.1807051,
        42.0961902,
        1004.4
      ],
      [
        19.1807187,
        42.0961916,
        1004.6
      ],
      [
        19.1807917,
        42.0961818,
        1005.4
      ],
      [
        19.1808103,
        42.0961798,
        1005.8
      ],
      [
        19.1808779,
        42.0961474,
        1006.6
      ],
      [
        19.1809376,
        42.0961064,
        1007.4
      ],
      [
        19.1809421,
        42.0961002,
        1007.4
      ],
      [
        19.180948,
        42.0960912,
        1007.6
      ],
      [
        19.1810063,
        42.096056,
        1008.6
      ],
      [
        19.1810171,
        42.0960527,
        1008.8
      ],
      [
        19.1810834,
        42.0960489,
        1009.4
      ],
      [
        19.1810929,
        42.0960556,
        1009.6
      ],
      [
        19.1811048,
        42.0960619,
        1009.8
      ],
      [
        19.1811384,
        42.0960875,
        1010.6
      ],
      [
        19.1811412,
        42.0960936,
        1010.6
      ],
      [
        19.1811431,
        42.0961021,
        1010.8
      ],
      [
        19.181145,
        42.0961112,
        1010.8
      ],
      [
        19.1811481,
        42.0961199,
        1011
      ],
      [
        19.1811499,
        42.0961305,
        1011
      ],
      [
        19.1811476,
        42.0961744,
        1011.6
      ],
      [
        19.1811433,
        42.0961818,
        1011.8
      ],
      [
        19.1811096,
        42.0962434,
        1012.4
      ],
      [
        19.1811028,
        42.0962505,
        1012.4
      ],
      [
        19.1810696,
        42.0962831,
        1012.8
      ],
      [
        19.1810207,
        42.0963284,
        1012.8
      ],
      [
        19.1809834,
        42.0963657,
        1013.4
      ],
      [
        19.1809673,
        42.0963821,
        1013.6
      ],
      [
        19.1809398,
        42.0964053,
        1013.8
      ],
      [
        19.180915,
        42.0964543,
        1014.6
      ],
      [
        19.1809033,
        42.0964852,
        1015
      ],
      [
        19.1808912,
        42.096525,
        1015.8
      ],
      [
        19.1808875,
        42.0965424,
        1016
      ],
      [
        19.180885,
        42.0965677,
        1016.6
      ],
      [
        19.1808834,
        42.0965793,
        1016.8
      ],
      [
        19.1808885,
        42.0965994,
        1017
      ],
      [
        19.1809179,
        42.0966457,
        1017.8
      ],
      [
        19.1809376,
        42.0966548,
        1018.2
      ],
      [
        19.1809866,
        42.0966873,
        1019
      ],
      [
        19.1810096,
        42.0966992,
        1019.4
      ],
      [
        19.1810564,
        42.0967249,
        1020
      ],
      [
        19.1810963,
        42.0967351,
        1020.4
      ],
      [
        19.1811548,
        42.0967392,
        1021
      ],
      [
        19.1812171,
        42.0967486,
        1021.4
      ],
      [
        19.1812726,
        42.0967395,
        1021.8
      ],
      [
        19.1813245,
        42.096678,
        1022.2
      ],
      [
        19.1813678,
        42.0966309,
        1022.2
      ],
      [
        19.181382,
        42.0966125,
        1022.2
      ],
      [
        19.1814473,
        42.0965711,
        1022.2
      ],
      [
        19.1815449,
        42.0965683,
        1022
      ],
      [
        19.1816201,
        42.0965942,
        1022
      ],
      [
        19.1816334,
        42.0965951,
        1022
      ],
      [
        19.1817158,
        42.0966182,
        1022.6
      ],
      [
        19.18174,
        42.0966207,
        1022.8
      ],
      [
        19.18181,
        42.0966376,
        1023.6
      ],
      [
        19.1818785,
        42.0966646,
        1024.2
      ],
      [
        19.1818929,
        42.0966673,
        1024.4
      ],
      [
        19.1819112,
        42.0966745,
        1024.6
      ],
      [
        19.1819642,
        42.0966916,
        1025.6
      ],
      [
        19.1819694,
        42.0966925,
        1025.6
      ],
      [
        19.1820183,
        42.0967133,
        1026.4
      ],
      [
        19.1820253,
        42.0967163,
        1026.6
      ],
      [
        19.18203,
        42.0967201,
        1026.8
      ],
      [
        19.1820727,
        42.0967383,
        1027.6
      ],
      [
        19.1820896,
        42.0967452,
        1027.8
      ],
      [
        19.182143,
        42.0967695,
        1028.8
      ],
      [
        19.1822038,
        42.0967928,
        1029.8
      ],
      [
        19.1822113,
        42.0967957,
        1030
      ],
      [
        19.1822617,
        42.0968235,
        1030.8
      ],
      [
        19.1822757,
        42.0968348,
        1031.2
      ],
      [
        19.1823033,
        42.0968546,
        1032
      ],
      [
        19.1823327,
        42.096873,
        1032.4
      ],
      [
        19.1823584,
        42.0968885,
        1033
      ],
      [
        19.1823794,
        42.0969164,
        1033.8
      ],
      [
        19.1823857,
        42.0969195,
        1034
      ],
      [
        19.1824394,
        42.0969322,
        1035
      ],
      [
        19.1824491,
        42.0969363,
        1035.2
      ],
      [
        19.1824826,
        42.0969565,
        1036.2
      ],
      [
        19.1825155,
        42.096971,
        1037
      ],
      [
        19.1825309,
        42.0969715,
        1037.4
      ],
      [
        19.1825612,
        42.0969918,
        1038.4
      ],
      [
        19.1826093,
        42.0970124,
        1039.6
      ],
      [
        19.1826226,
        42.0970128,
        1039.6
      ],
      [
        19.1826773,
        42.0970317,
        1040.8
      ],
      [
        19.1826799,
        42.0970353,
        1040.8
      ],
      [
        19.1826957,
        42.0970515,
        1041.8
      ],
      [
        19.1827205,
        42.0970762,
        1042.6
      ],
      [
        19.1827326,
        42.0970849,
        1043
      ],
      [
        19.1827746,
        42.0971054,
        1043.8
      ],
      [
        19.1827799,
        42.0971085,
        1044
      ],
      [
        19.1828078,
        42.0971377,
        1045
      ],
      [
        19.1828086,
        42.097144,
        1045.2
      ],
      [
        19.1828388,
        42.0971702,
        1045.8
      ],
      [
        19.1828549,
        42.0971783,
        1046.2
      ],
      [
        19.1828728,
        42.0971868,
        1046.8
      ],
      [
        19.1828972,
        42.0971919,
        1047.4
      ],
      [
        19.1829359,
        42.0972156,
        1048.4
      ],
      [
        19.1829897,
        42.0972261,
        1049.4
      ],
      [
        19.1829987,
        42.0972285,
        1049.4
      ],
      [
        19.1830569,
        42.0972484,
        1050.4
      ],
      [
        19.183074,
        42.0972557,
        1050.6
      ],
      [
        19.1831007,
        42.0972754,
        1051.8
      ],
      [
        19.1831196,
        42.0972816,
        1052
      ],
      [
        19.1831568,
        42.0973057,
        1052.8
      ],
      [
        19.1831777,
        42.0973175,
        1053.4
      ],
      [
        19.1831937,
        42.097328,
        1053.8
      ],
      [
        19.1832002,
        42.0973297,
        1054
      ],
      [
        19.1832058,
        42.0973509,
        1054.8
      ],
      [
        19.183201,
        42.0973556,
        1055
      ],
      [
        19.1832263,
        42.097373,
        1055.8
      ],
      [
        19.1832331,
        42.0973734,
        1056
      ],
      [
        19.1832763,
        42.0973745,
        1057.2
      ],
      [
        19.1832845,
        42.0973743,
        1057.8
      ],
      [
        19.1832847,
        42.0973789,
        1058.2
      ],
      [
        19.1833265,
        42.0974083,
        1058.8
      ],
      [
        19.1833314,
        42.0974147,
        1059
      ],
      [
        19.1833448,
        42.0974327,
        1059.2
      ],
      [
        19.1833947,
        42.0974539,
        1060
      ],
      [
        19.1834151,
        42.0974581,
        1060.4
      ],
      [
        19.1834466,
        42.097482,
        1061.6
      ],
      [
        19.1834755,
        42.0974792,
        1062.2
      ],
      [
        19.183499,
        42.0974824,
        1062.6
      ],
      [
        19.1835237,
        42.0974917,
        1063.2
      ],
      [
        19.183557,
        42.0975088,
        1063.8
      ],
      [
        19.1835645,
        42.0975178,
        1064.4
      ],
      [
        19.1835763,
        42.0975346,
        1064.8
      ],
      [
        19.1836025,
        42.0975567,
        1065.6
      ],
      [
        19.1836128,
        42.0975663,
        1065.8
      ],
      [
        19.1836237,
        42.0975748,
        1066
      ],
      [
        19.1836453,
        42.0975789,
        1066.4
      ],
      [
        19.1836439,
        42.0975688,
        1066.4
      ],
      [
        19.1836454,
        42.0975621,
        1066.6
      ],
      [
        19.1836542,
        42.0975759,
        1066.2
      ],
      [
        19.1836459,
        42.0975794,
        1066.4
      ],
      [
        19.1836335,
        42.097581,
        1066.4
      ],
      [
        19.1836239,
        42.0975661,
        1066.4
      ],
      [
        19.1836066,
        42.0975516,
        1066.4
      ],
      [
        19.1836014,
        42.0975469,
        1066.6
      ],
      [
        19.1836084,
        42.0975455,
        1066.6
      ],
      [
        19.1836137,
        42.0975453,
        1066.6
      ],
      [
        19.1836334,
        42.0975487,
        1066.6
      ],
      [
        19.1836496,
        42.0975618,
        1067
      ],
      [
        19.1836548,
        42.0975638,
        1067
      ],
      [
        19.1836752,
        42.0975714,
        1067.6
      ],
      [
        19.1836793,
        42.0975726,
        1067.8
      ],
      [
        19.183691,
        42.0975794,
        1068.2
      ],
      [
        19.1837272,
        42.0975903,
        1069.2
      ],
      [
        19.1837218,
        42.0976245,
        1070.2
      ],
      [
        19.1837224,
        42.097629,
        1070.4
      ],
      [
        19.1837,
        42.0976664,
        1071.2
      ],
      [
        19.1837021,
        42.0976768,
        1071.6
      ],
      [
        19.1837008,
        42.0977089,
        1072.4
      ],
      [
        19.1837129,
        42.0977202,
        1072.6
      ],
      [
        19.1837246,
        42.0977232,
        1073
      ],
      [
        19.1837544,
        42.0977368,
        1073.6
      ],
      [
        19.1837563,
        42.0977421,
        1073.8
      ],
      [
        19.1837592,
        42.0977857,
        1074.6
      ],
      [
        19.1837572,
        42.0977918,
        1074.8
      ],
      [
        19.1837725,
        42.0978062,
        1075.4
      ],
      [
        19.1838105,
        42.0978187,
        1076
      ],
      [
        19.1838578,
        42.0978286,
        1077.2
      ],
      [
        19.1838707,
        42.097826,
        1077.4
      ],
      [
        19.1839049,
        42.0978192,
        1078.2
      ],
      [
        19.1839154,
        42.0978169,
        1078.4
      ],
      [
        19.1839712,
        42.0978053,
        1079.4
      ],
      [
        19.1839991,
        42.0978062,
        1079.6
      ],
      [
        19.1839974,
        42.0978196,
        1080
      ],
      [
        19.1839785,
        42.0978394,
        1080.4
      ],
      [
        19.1839361,
        42.0978659,
        1081.4
      ],
      [
        19.1839371,
        42.0978733,
        1081.4
      ],
      [
        19.1839455,
        42.0978801,
        1081.6
      ],
      [
        19.1839521,
        42.0978854,
        1081.6
      ],
      [
        19.1839942,
        42.097883,
        1082.4
      ],
      [
        19.1840001,
        42.0978832,
        1082.6
      ],
      [
        19.1840059,
        42.0978828,
        1082.8
      ],
      [
        19.1840325,
        42.0978924,
        1083.8
      ],
      [
        19.1840427,
        42.0978963,
        1084.2
      ],
      [
        19.1840385,
        42.0979053,
        1084.8
      ],
      [
        19.184051,
        42.0979137,
        1085.2
      ],
      [
        19.1840814,
        42.097916,
        1085.8
      ],
      [
        19.1840914,
        42.0979255,
        1086.4
      ],
      [
        19.1841142,
        42.0979347,
        1087
      ],
      [
        19.1841193,
        42.0979519,
        1087.6
      ],
      [
        19.1841229,
        42.0979602,
        1088
      ],
      [
        19.184126,
        42.0979674,
        1088.4
      ],
      [
        19.1841588,
        42.0979773,
        1089.2
      ],
      [
        19.1841659,
        42.0979748,
        1089.4
      ],
      [
        19.1842184,
        42.0979756,
        1090.2
      ],
      [
        19.1842229,
        42.0979812,
        1090.4
      ],
      [
        19.1842196,
        42.0980004,
        1091.2
      ],
      [
        19.1842327,
        42.0980126,
        1091.8
      ],
      [
        19.1842415,
        42.0980159,
        1092.2
      ],
      [
        19.1842686,
        42.0980138,
        1093.2
      ],
      [
        19.1842633,
        42.098009,
        1093.4
      ],
      [
        19.1842581,
        42.0980032,
        1093.6
      ],
      [
        19.1842541,
        42.0979991,
        1093.6
      ],
      [
        19.184254,
        42.0979912,
        1093.6
      ],
      [
        19.1842554,
        42.0979916,
        1093.6
      ],
      [
        19.1842425,
        42.0979965,
        1093.6
      ],
      [
        19.1842455,
        42.097997,
        1093.6
      ],
      [
        19.1842577,
        42.0979963,
        1093.6
      ],
      [
        19.1842529,
        42.0979934,
        1093.6
      ],
      [
        19.1842452,
        42.0979949,
        1093.6
      ],
      [
        19.1842442,
        42.0979998,
        1093.6
      ],
      [
        19.1842478,
        42.0979895,
        1093.6
      ],
      [
        19.1842504,
        42.0979903,
        1093.8
      ],
      [
        19.1842427,
        42.097999,
        1093.6
      ],
      [
        19.1842465,
        42.0980113,
        1093.6
      ],
      [
        19.18426,
        42.0980359,
        1094.4
      ],
      [
        19.1842739,
        42.0980514,
        1095.4
      ],
      [
        19.1843124,
        42.0980824,
        1096.4
      ],
      [
        19.1843374,
        42.0980849,
        1097.2
      ],
      [
        19.1843406,
        42.0980871,
        1097.6
      ],
      [
        19.1843713,
        42.0980995,
        1098.4
      ],
      [
        19.1843895,
        42.0981,
        1098.8
      ],
      [
        19.1844303,
        42.0980964,
        1099
      ],
      [
        19.1844385,
        42.0980962,
        1099
      ],
      [
        19.1844851,
        42.0981103,
        1099.4
      ],
      [
        19.1845012,
        42.0981145,
        1099.8
      ],
      [
        19.1845618,
        42.0981158,
        1100.8
      ],
      [
        19.1845609,
        42.0981182,
        1101
      ],
      [
        19.1845731,
        42.0981264,
        1102
      ],
      [
        19.1845871,
        42.0981341,
        1102.4
      ],
      [
        19.1846115,
        42.0981336,
        1103
      ],
      [
        19.1846335,
        42.0981268,
        1103.6
      ],
      [
        19.1846432,
        42.0981274,
        1104
      ],
      [
        19.1846716,
        42.0981072,
        1104.6
      ],
      [
        19.184707,
        42.098136,
        1105
      ],
      [
        19.1847084,
        42.0981389,
        1105.2
      ],
      [
        19.18474,
        42.0981587,
        1106
      ],
      [
        19.1847457,
        42.0981598,
        1106.4
      ],
      [
        19.1847518,
        42.0981615,
        1106.6
      ],
      [
        19.1847848,
        42.0981643,
        1107.4
      ],
      [
        19.1848111,
        42.0981618,
        1108.2
      ],
      [
        19.1848172,
        42.0981628,
        1108.4
      ],
      [
        19.184839,
        42.0981829,
        1109.4
      ],
      [
        19.1848462,
        42.098186,
        1109.6
      ],
      [
        19.1848482,
        42.0981853,
        1110.2
      ],
      [
        19.1848469,
        42.0981876,
        1110.2
      ],
      [
        19.1848547,
        42.0981963,
        1110.2
      ],
      [
        19.184853,
        42.0981959,
        1110.2
      ],
      [
        19.1848454,
        42.0981952,
        1109.8
      ],
      [
        19.1848415,
        42.0981767,
        1110
      ],
      [
        19.1848408,
        42.0981719,
        1110.2
      ],
      [
        19.1848452,
        42.0981876,
        1110.2
      ],
      [
        19.1848437,
        42.098187,
        1110.2
      ],
      [
        19.1848451,
        42.0981951,
        1109.8
      ],
      [
        19.1848452,
        42.0981957,
        1109.8
      ],
      [
        19.1848465,
        42.0981886,
        1110.4
      ],
      [
        19.1848501,
        42.0981824,
        1110
      ],
      [
        19.1848543,
        42.0981858,
        1110.2
      ],
      [
        19.1848615,
        42.0981797,
        1110.2
      ],
      [
        19.1848524,
        42.0981801,
        1110.4
      ],
      [
        19.1848457,
        42.0981819,
        1109.8
      ],
      [
        19.1848561,
        42.0981829,
        1110
      ],
      [
        19.1848839,
        42.0981945,
        1110.6
      ],
      [
        19.1849064,
        42.0982119,
        1111.2
      ],
      [
        19.1849249,
        42.098216,
        1111.6
      ],
      [
        19.1849575,
        42.098214,
        1112.6
      ],
      [
        19.1849658,
        42.0982138,
        1112.8
      ],
      [
        19.185001,
        42.0982061,
        1114
      ],
      [
        19.1850202,
        42.0982146,
        1114.4
      ],
      [
        19.1850497,
        42.098223,
        1114.8
      ],
      [
        19.1850689,
        42.0982245,
        1115
      ],
      [
        19.1850842,
        42.0982184,
        1115.4
      ],
      [
        19.1851131,
        42.0982286,
        1115.4
      ],
      [
        19.1851345,
        42.0982372,
        1115.6
      ],
      [
        19.1851979,
        42.0982413,
        1116.2
      ],
      [
        19.1852517,
        42.0982287,
        1116.8
      ],
      [
        19.1852622,
        42.0982265,
        1116.8
      ],
      [
        19.1852806,
        42.0982257,
        1117.2
      ],
      [
        19.1852875,
        42.0982433,
        1118.2
      ],
      [
        19.1852829,
        42.0982482,
        1118.4
      ],
      [
        19.1852817,
        42.098277,
        1119
      ],
      [
        19.1852961,
        42.0982876,
        1119.4
      ],
      [
        19.1853109,
        42.0983024,
        1120.2
      ],
      [
        19.1853127,
        42.0983026,
        1120.4
      ],
      [
        19.1853146,
        42.0983021,
        1120.4
      ],
      [
        19.1853398,
        42.0983002,
        1121.2
      ],
      [
        19.1853561,
        42.0983032,
        1121.4
      ],
      [
        19.1853651,
        42.0983035,
        1121.6
      ],
      [
        19.1853711,
        42.0983233,
        1122.6
      ],
      [
        19.1853666,
        42.0983261,
        1122.6
      ],
      [
        19.1853803,
        42.0983444,
        1123.2
      ],
      [
        19.1853934,
        42.098343,
        1123.4
      ],
      [
        19.1853929,
        42.0983407,
        1123.6
      ],
      [
        19.1854123,
        42.0983347,
        1124
      ],
      [
        19.1854393,
        42.0983335,
        1124.6
      ],
      [
        19.1854679,
        42.0983395,
        1125.6
      ],
      [
        19.1854693,
        42.0983412,
        1125.8
      ],
      [
        19.1854616,
        42.0983518,
        1126.6
      ],
      [
        19.1854608,
        42.0983564,
        1126.6
      ],
      [
        19.1854723,
        42.098374,
        1126.8
      ],
      [
        19.1855013,
        42.0983749,
        1127.6
      ],
      [
        19.1855201,
        42.0983786,
        1127.8
      ],
      [
        19.1855051,
        42.0983896,
        1128.6
      ],
      [
        19.1855145,
        42.0983979,
        1129
      ],
      [
        19.1855346,
        42.0984108,
        1129.6
      ],
      [
        19.1855313,
        42.0984202,
        1130
      ],
      [
        19.1855378,
        42.0984434,
        1131
      ],
      [
        19.1855417,
        42.0984493,
        1131.2
      ],
      [
        19.1855558,
        42.0984609,
        1131.6
      ],
      [
        19.1855684,
        42.0984591,
        1132.2
      ],
      [
        19.1855694,
        42.0984736,
        1132.8
      ],
      [
        19.1855508,
        42.0984778,
        1133.4
      ],
      [
        19.1855521,
        42.0984767,
        1134
      ],
      [
        19.1855674,
        42.0984898,
        1134.2
      ],
      [
        19.1855744,
        42.0984885,
        1134.4
      ],
      [
        19.1855793,
        42.0984903,
        1135
      ],
      [
        19.1855887,
        42.098499,
        1135.6
      ],
      [
        19.1856108,
        42.0985028,
        1136.2
      ],
      [
        19.1856433,
        42.0985124,
        1136.6
      ],
      [
        19.1856448,
        42.098517,
        1136.8
      ],
      [
        19.1856686,
        42.0985265,
        1137.8
      ],
      [
        19.1856909,
        42.0985374,
        1138.2
      ],
      [
        19.1857459,
        42.0985347,
        1138.8
      ],
      [
        19.1857572,
        42.0985306,
        1138.8
      ],
      [
        19.185791,
        42.0985314,
        1139.4
      ],
      [
        19.1858101,
        42.0985393,
        1139.8
      ],
      [
        19.1858157,
        42.0985521,
        1140.6
      ],
      [
        19.1858192,
        42.0985436,
        1140.8
      ],
      [
        19.1858257,
        42.0985384,
        1140.8
      ],
      [
        19.1858143,
        42.0985523,
        1141
      ],
      [
        19.1858288,
        42.0985572,
        1141.4
      ],
      [
        19.1858485,
        42.0985537,
        1142
      ],
      [
        19.1858584,
        42.0985587,
        1142.8
      ],
      [
        19.1858748,
        42.0985586,
        1143
      ],
      [
        19.1859001,
        42.0985621,
        1143.6
      ],
      [
        19.1859079,
        42.0985712,
        1144
      ],
      [
        19.1859221,
        42.0985865,
        1145
      ],
      [
        19.185934,
        42.0985949,
        1145.2
      ],
      [
        19.1859517,
        42.0985829,
        1146.2
      ],
      [
        19.1859537,
        42.0985814,
        1146.2
      ],
      [
        19.1859422,
        42.0985799,
        1146.2
      ],
      [
        19.1859378,
        42.0985854,
        1146.2
      ],
      [
        19.1859527,
        42.0985849,
        1146.2
      ],
      [
        19.1859648,
        42.0985886,
        1146.8
      ],
      [
        19.1859752,
        42.0985961,
        1147.4
      ],
      [
        19.1859936,
        42.098603,
        1147.8
      ],
      [
        19.1860316,
        42.0986025,
        1148.4
      ],
      [
        19.1860468,
        42.0986044,
        1148.8
      ],
      [
        19.1860943,
        42.0985997,
        1149.4
      ],
      [
        19.1861029,
        42.0985982,
        1149.4
      ],
      [
        19.1861092,
        42.0985916,
        1149.4
      ],
      [
        19.1861126,
        42.0985807,
        1149.6
      ],
      [
        19.1861108,
        42.0985608,
        1149.4
      ],
      [
        19.1861052,
        42.0985503,
        1149.6
      ],
      [
        19.1861089,
        42.0985506,
        1149.4
      ],
      [
        19.1861103,
        42.098568,
        1149.6
      ],
      [
        19.1861158,
        42.0985693,
        1149.8
      ],
      [
        19.186124,
        42.0985739,
        1149.8
      ],
      [
        19.186143,
        42.0985768,
        1150.2
      ],
      [
        19.1861536,
        42.0985819,
        1150.6
      ],
      [
        19.186192,
        42.0985779,
        1151.6
      ],
      [
        19.1861968,
        42.0985763,
        1151.6
      ],
      [
        19.1862002,
        42.0985782,
        1151.8
      ],
      [
        19.1862334,
        42.09858,
        1152.4
      ],
      [
        19.1862693,
        42.0985859,
        1152.8
      ],
      [
        19.1862787,
        42.0985949,
        1153.6
      ],
      [
        19.186283,
        42.0985976,
        1153.8
      ],
      [
        19.186301,
        42.0985956,
        1154.2
      ],
      [
        19.186325,
        42.0985892,
        1154.8
      ],
      [
        19.1863456,
        42.0985884,
        1155.2
      ],
      [
        19.1863568,
        42.0985933,
        1155.8
      ],
      [
        19.1863677,
        42.098606,
        1156.2
      ],
      [
        19.1864089,
        42.0986189,
        1157
      ],
      [
        19.1864346,
        42.0986273,
        1158
      ],
      [
        19.1864369,
        42.098629,
        1158.2
      ],
      [
        19.1864462,
        42.0986304,
        1159.2
      ],
      [
        19.186477,
        42.0986281,
        1159.8
      ],
      [
        19.1864991,
        42.0986332,
        1160.2
      ],
      [
        19.1864971,
        42.0986327,
        1161.2
      ],
      [
        19.1865071,
        42.0986305,
        1161
      ],
      [
        19.1864996,
        42.0986323,
        1160.8
      ],
      [
        19.1864992,
        42.0986265,
        1160.8
      ],
      [
        19.1865026,
        42.0986253,
        1160.8
      ],
      [
        19.1865034,
        42.0986148,
        1160.8
      ],
      [
        19.1864931,
        42.0986096,
        1160.6
      ],
      [
        19.1864962,
        42.0986181,
        1160.6
      ],
      [
        19.1864936,
        42.098617,
        1160.4
      ],
      [
        19.1864908,
        42.098604,
        1160.6
      ],
      [
        19.1864777,
        42.0985906,
        1160.6
      ],
      [
        19.18648,
        42.0985912,
        1160.4
      ],
      [
        19.1864924,
        42.0986046,
        1160.4
      ],
      [
        19.1864972,
        42.0986229,
        1160.4
      ],
      [
        19.1864971,
        42.0986215,
        1160.6
      ],
      [
        19.1864954,
        42.0986025,
        1160.6
      ],
      [
        19.1864925,
        42.0985989,
        1160.6
      ],
      [
        19.1864793,
        42.0986075,
        1160.4
      ],
      [
        19.1864716,
        42.0986249,
        1160.2
      ],
      [
        19.1864775,
        42.0986196,
        1160.2
      ],
      [
        19.1864961,
        42.0986046,
        1160.2
      ],
      [
        19.1864939,
        42.0985968,
        1160.6
      ],
      [
        19.1864867,
        42.0985899,
        1160.4
      ],
      [
        19.1864968,
        42.0986106,
        1160.4
      ],
      [
        19.1865022,
        42.0986123,
        1160.4
      ],
      [
        19.1865026,
        42.0985964,
        1160.2
      ],
      [
        19.1865025,
        42.0985955,
        1160.2
      ],
      [
        19.1865055,
        42.098604,
        1160.2
      ],
      [
        19.18651,
        42.0986154,
        1160.6
      ],
      [
        19.1865214,
        42.0986161,
        1160.4
      ],
      [
        19.1865113,
        42.0986155,
        1160.4
      ],
      [
        19.18651,
        42.0986245,
        1160.4
      ],
      [
        19.1865035,
        42.0986299,
        1160.6
      ],
      [
        19.1865003,
        42.0986276,
        1160.6
      ],
      [
        19.1864917,
        42.0986171,
        1160.6
      ],
      [
        19.1864857,
        42.0986114,
        1160.6
      ],
      [
        19.1864723,
        42.0986004,
        1160.6
      ],
      [
        19.1864753,
        42.0985962,
        1160.8
      ],
      [
        19.1864773,
        42.0985972,
        1160.6
      ],
      [
        19.1864841,
        42.0986019,
        1160.8
      ],
      [
        19.1864884,
        42.0986004,
        1160.8
      ],
      [
        19.1865056,
        42.0985973,
        1160.6
      ],
      [
        19.1865093,
        42.0986016,
        1160.6
      ],
      [
        19.1865093,
        42.0986016,
        1160.6
      ],
      [
        19.1865093,
        42.0986016,
        1160.6
      ],
      [
        19.1865038,
        42.0985963,
        1160.6
      ],
      [
        19.186503,
        42.0985952,
        1160.6
      ],
      [
        19.1864817,
        42.0985844,
        1160.4
      ],
      [
        19.1864817,
        42.0985844,
        1160.4
      ],
      [
        19.1864817,
        42.0985844,
        1160.4
      ],
      [
        19.1864817,
        42.0985844,
        1160.4
      ],
      [
        19.1864811,
        42.0985884,
        1160.4
      ],
      [
        19.1864836,
        42.0986338,
        1159.6
      ],
      [
        19.186488,
        42.0986294,
        1159.8
      ],
      [
        19.1864999,
        42.0986434,
        1160.2
      ],
      [
        19.1865288,
        42.0986527,
        1161.2
      ],
      [
        19.1865506,
        42.0986553,
        1162
      ],
      [
        19.1865695,
        42.0986539,
        1162.4
      ],
      [
        19.1866079,
        42.0986543,
        1163.2
      ],
      [
        19.1866137,
        42.0986564,
        1163.4
      ],
      [
        19.1866506,
        42.0986785,
        1164.2
      ],
      [
        19.186659,
        42.0986854,
        1164.6
      ],
      [
        19.1866613,
        42.0986895,
        1164.6
      ],
      [
        19.1866906,
        42.098706,
        1165.6
      ],
      [
        19.1867098,
        42.0987056,
        1166
      ],
      [
        19.186726,
        42.0987054,
        1166.4
      ],
      [
        19.1867287,
        42.098705,
        1166.4
      ],
      [
        19.1867339,
        42.0987056,
        1166.6
      ],
      [
        19.1867543,
        42.0987062,
        1167
      ],
      [
        19.1867741,
        42.0987082,
        1167.6
      ],
      [
        19.1868052,
        42.0987123,
        1168.6
      ],
      [
        19.1868112,
        42.0987123,
        1168.8
      ],
      [
        19.186815,
        42.0987147,
        1169
      ],
      [
        19.1868281,
        42.0987201,
        1169.8
      ],
      [
        19.1868601,
        42.0987206,
        1170.6
      ],
      [
        19.1868848,
        42.0987254,
        1170.8
      ],
      [
        19.1868987,
        42.0987284,
        1171.6
      ],
      [
        19.1868746,
        42.0987278,
        1171.6
      ],
      [
        19.1868646,
        42.0987304,
        1171.8
      ],
      [
        19.1868615,
        42.0987305,
        1172
      ],
      [
        19.1868232,
        42.0987425,
        1172.8
      ],
      [
        19.1868141,
        42.0987435,
        1173.2
      ],
      [
        19.1868047,
        42.098766,
        1173.6
      ],
      [
        19.1867979,
        42.0987669,
        1174
      ],
      [
        19.1867959,
        42.0987654,
        1174.2
      ],
      [
        19.1867902,
        42.0987664,
        1174.4
      ],
      [
        19.1867862,
        42.0987709,
        1174.6
      ],
      [
        19.1867777,
        42.0987822,
        1174.8
      ],
      [
        19.1867716,
        42.0987881,
        1175
      ],
      [
        19.1867674,
        42.0987928,
        1175.4
      ],
      [
        19.186749,
        42.0988015,
        1176.2
      ],
      [
        19.1867488,
        42.0988014,
        1176.2
      ],
      [
        19.1867348,
        42.0988101,
        1176.4
      ],
      [
        19.1867346,
        42.0988175,
        1176.6
      ],
      [
        19.1867263,
        42.0988237,
        1177.4
      ],
      [
        19.1867083,
        42.0988314,
        1178
      ],
      [
        19.1866906,
        42.0988437,
        1178.4
      ],
      [
        19.1866805,
        42.0988477,
        1179
      ],
      [
        19.1866854,
        42.0988521,
        1179
      ],
      [
        19.1866941,
        42.0988543,
        1179
      ],
      [
        19.1867073,
        42.0988672,
        1179.2
      ],
      [
        19.1867089,
        42.0988702,
        1179.4
      ],
      [
        19.1867164,
        42.0988678,
        1179.6
      ],
      [
        19.1867286,
        42.0988703,
        1180.2
      ],
      [
        19.186725,
        42.0988706,
        1180.2
      ],
      [
        19.1867254,
        42.0988704,
        1180.4
      ],
      [
        19.1867445,
        42.0988734,
        1180.8
      ],
      [
        19.1867636,
        42.0988761,
        1181.2
      ],
      [
        19.186778,
        42.0988762,
        1181.6
      ],
      [
        19.1868015,
        42.0988926,
        1182.2
      ],
      [
        19.1868179,
        42.0988902,
        1182.6
      ],
      [
        19.1868509,
        42.0988921,
        1183
      ],
      [
        19.1868705,
        42.0989014,
        1183.6
      ],
      [
        19.1868866,
        42.098906,
        1184.4
      ],
      [
        19.1868865,
        42.0989102,
        1184.6
      ],
      [
        19.1869047,
        42.0989097,
        1185.2
      ],
      [
        19.1869143,
        42.0989124,
        1185.8
      ],
      [
        19.1869007,
        42.0989154,
        1186.2
      ],
      [
        19.1869099,
        42.0989374,
        1186.8
      ],
      [
        19.1869099,
        42.0989374,
        1187
      ],
      [
        19.1869179,
        42.0989486,
        1187.6
      ],
      [
        19.186918,
        42.0989501,
        1187.8
      ],
      [
        19.1869363,
        42.0989557,
        1188.4
      ],
      [
        19.1869482,
        42.0989591,
        1189
      ],
      [
        19.1869657,
        42.0989534,
        1189.2
      ],
      [
        19.1869808,
        42.0989634,
        1189.4
      ],
      [
        19.186975,
        42.0989665,
        1189.6
      ],
      [
        19.1869733,
        42.0989688,
        1189.8
      ],
      [
        19.1869736,
        42.0989706,
        1190
      ],
      [
        19.1869704,
        42.0989698,
        1190
      ],
      [
        19.1869572,
        42.0989775,
        1190.4
      ],
      [
        19.1869788,
        42.0989801,
        1191.2
      ],
      [
        19.1870042,
        42.0989847,
        1191.6
      ],
      [
        19.1870314,
        42.0989971,
        1192.2
      ],
      [
        19.1870442,
        42.098999,
        1192.6
      ],
      [
        19.1870567,
        42.099005,
        1193.2
      ],
      [
        19.1870579,
        42.0989965,
        1193.6
      ],
      [
        19.1870584,
        42.0989953,
        1193.8
      ],
      [
        19.1870571,
        42.0989958,
        1193.8
      ],
      [
        19.1870732,
        42.0989967,
        1193.6
      ],
      [
        19.1870821,
        42.0989952,
        1193.6
      ],
      [
        19.1870886,
        42.099004,
        1193.6
      ],
      [
        19.1870859,
        42.0990055,
        1193.8
      ],
      [
        19.1870969,
        42.0990224,
        1194.2
      ],
      [
        19.1871084,
        42.0990285,
        1194.8
      ],
      [
        19.187107,
        42.0990328,
        1195.2
      ],
      [
        19.1871356,
        42.0990267,
        1196.2
      ],
      [
        19.1871378,
        42.0990305,
        1196.4
      ],
      [
        19.1871384,
        42.0990384,
        1196.6
      ],
      [
        19.1871406,
        42.0990382,
        1196.6
      ],
      [
        19.1871306,
        42.0990365,
        1196.6
      ],
      [
        19.187128,
        42.0990414,
        1196.8
      ],
      [
        19.1871461,
        42.0990546,
        1197.6
      ],
      [
        19.1871385,
        42.0990614,
        1198
      ],
      [
        19.1871337,
        42.0990595,
        1198
      ],
      [
        19.1871342,
        42.0990603,
        1198
      ],
      [
        19.187121,
        42.0990618,
        1198.4
      ],
      [
        19.1871186,
        42.099062,
        1198.6
      ],
      [
        19.1871166,
        42.0990653,
        1198.6
      ],
      [
        19.1871164,
        42.0990776,
        1199.2
      ],
      [
        19.1871256,
        42.0990876,
        1199.6
      ],
      [
        19.1871392,
        42.0990949,
        1199.8
      ],
      [
        19.1871626,
        42.0990977,
        1200.4
      ],
      [
        19.1871651,
        42.0990979,
        1200.8
      ],
      [
        19.187185,
        42.0991005,
        1201.8
      ],
      [
        19.1871903,
        42.0990974,
        1201.8
      ],
      [
        19.1871896,
        42.0991014,
        1202
      ],
      [
        19.1872094,
        42.0991029,
        1203
      ],
      [
        19.18722,
        42.0991048,
        1203.4
      ],
      [
        19.1872381,
        42.0991148,
        1204.2
      ],
      [
        19.1872541,
        42.0991106,
        1204.6
      ],
      [
        19.1872744,
        42.0991099,
        1205.2
      ],
      [
        19.1873102,
        42.0991092,
        1205.8
      ],
      [
        19.1873316,
        42.099108,
        1206.2
      ],
      [
        19.1873507,
        42.0991188,
        1207.2
      ],
      [
        19.1873596,
        42.0991212,
        1207.4
      ],
      [
        19.187398,
        42.0991252,
        1208.2
      ],
      [
        19.1874007,
        42.0991252,
        1208.4
      ],
      [
        19.1874036,
        42.0991244,
        1208.6
      ],
      [
        19.1874377,
        42.0991159,
        1209.6
      ],
      [
        19.1874451,
        42.0991088,
        1210
      ],
      [
        19.1874722,
        42.0991029,
        1210.6
      ],
      [
        19.1874833,
        42.0991001,
        1210.6
      ],
      [
        19.1874828,
        42.0991002,
        1210.6
      ],
      [
        19.1874802,
        42.0991129,
        1210.6
      ],
      [
        19.1874711,
        42.0991158,
        1210.6
      ],
      [
        19.1874725,
        42.0991126,
        1210.6
      ],
      [
        19.1874852,
        42.0991117,
        1210.6
      ],
      [
        19.1874877,
        42.0991177,
        1210.8
      ],
      [
        19.1874861,
        42.0991195,
        1210.8
      ],
      [
        19.1874833,
        42.099114,
        1210.8
      ],
      [
        19.1874871,
        42.0991106,
        1210.8
      ],
      [
        19.1874858,
        42.0991158,
        1210.6
      ],
      [
        19.1874932,
        42.0991252,
        1210.6
      ],
      [
        19.1874885,
        42.0991278,
        1210.6
      ],
      [
        19.1874852,
        42.0991183,
        1210.6
      ],
      [
        19.1874846,
        42.0991133,
        1210.4
      ],
      [
        19.1874806,
        42.0991168,
        1210.8
      ],
      [
        19.1874767,
        42.0991067,
        1211
      ],
      [
        19.1874764,
        42.0991054,
        1211
      ],
      [
        19.1874762,
        42.0991052,
        1211
      ],
      [
        19.1874782,
        42.0991085,
        1211
      ],
      [
        19.1874828,
        42.0991079,
        1211
      ],
      [
        19.1874877,
        42.099113,
        1211
      ],
      [
        19.1874935,
        42.0991126,
        1211
      ],
      [
        19.1874865,
        42.099122,
        1211
      ],
      [
        19.1874854,
        42.0991226,
        1211.2
      ],
      [
        19.1874855,
        42.0991234,
        1211.2
      ],
      [
        19.1874801,
        42.0991139,
        1211.6
      ],
      [
        19.187482,
        42.0991097,
        1211.6
      ],
      [
        19.1874821,
        42.0991168,
        1211.8
      ],
      [
        19.18749,
        42.0991215,
        1211.8
      ],
      [
        19.1875225,
        42.099114,
        1212.4
      ],
      [
        19.1875274,
        42.0991152,
        1212.6
      ],
      [
        19.1875301,
        42.0991153,
        1212.6
      ],
      [
        19.1875425,
        42.0991236,
        1213.6
      ],
      [
        19.187549,
        42.0991236,
        1213.6
      ],
      [
        19.1875714,
        42.0991195,
        1214.8
      ],
      [
        19.1875726,
        42.0991178,
        1215
      ],
      [
        19.1875999,
        42.0991161,
        1215.8
      ],
      [
        19.1876156,
        42.0991143,
        1216.2
      ],
      [
        19.1876476,
        42.0991137,
        1216.8
      ],
      [
        19.1876698,
        42.0991171,
        1217.4
      ],
      [
        19.1876921,
        42.0991258,
        1217.8
      ],
      [
        19.1877023,
        42.0991289,
        1218.4
      ],
      [
        19.1877218,
        42.0991331,
        1218.8
      ],
      [
        19.1877541,
        42.0991424,
        1219.4
      ],
      [
        19.1877785,
        42.0991444,
        1219.8
      ],
      [
        19.1878116,
        42.0991429,
        1220.4
      ],
      [
        19.1878192,
        42.0991497,
        1221
      ],
      [
        19.1878316,
        42.099155,
        1221.4
      ],
      [
        19.1878736,
        42.0991491,
        1221.8
      ],
      [
        19.1878893,
        42.0991445,
        1221.8
      ],
      [
        19.1879102,
        42.0991454,
        1222
      ],
      [
        19.1879315,
        42.0991446,
        1221.6
      ],
      [
        19.1879429,
        42.0991485,
        1221
      ],
      [
        19.1879416,
        42.09915,
        1221
      ],
      [
        19.187978,
        42.0991438,
        1221
      ],
      [
        19.1879819,
        42.0991428,
        1221
      ],
      [
        19.1879942,
        42.0991358,
        1220.8
      ],
      [
        19.1880202,
        42.0991239,
        1221
      ],
      [
        19.188049,
        42.0991133,
        1221.8
      ],
      [
        19.1880551,
        42.099113,
        1222
      ],
      [
        19.188064,
        42.0991142,
        1222.2
      ],
      [
        19.1880708,
        42.0991199,
        1222.6
      ],
      [
        19.1880723,
        42.099121,
        1222.6
      ],
      [
        19.1880737,
        42.0991264,
        1222.8
      ],
      [
        19.1880723,
        42.0991356,
        1223
      ],
      [
        19.1880734,
        42.0991379,
        1223.2
      ],
      [
        19.1880902,
        42.0991354,
        1224
      ],
      [
        19.188091,
        42.0991343,
        1224.2
      ],
      [
        19.1881016,
        42.0991338,
        1224.6
      ],
      [
        19.1881013,
        42.0991335,
        1225
      ],
      [
        19.1881013,
        42.0991335,
        1225.2
      ],
      [
        19.1881031,
        42.0991372,
        1225.8
      ],
      [
        19.188102,
        42.0991397,
        1226
      ],
      [
        19.1880979,
        42.0991412,
        1226.2
      ],
      [
        19.1880971,
        42.099145,
        1226.4
      ],
      [
        19.1881024,
        42.099163,
        1226.6
      ],
      [
        19.1881391,
        42.0991554,
        1227.4
      ],
      [
        19.1881389,
        42.0991521,
        1227.6
      ],
      [
        19.1881461,
        42.0991488,
        1227.8
      ],
      [
        19.1881801,
        42.0991432,
        1228.4
      ],
      [
        19.1881875,
        42.0991469,
        1228.6
      ],
      [
        19.1881904,
        42.0991476,
        1229.2
      ],
      [
        19.1882077,
        42.0991585,
        1229.6
      ],
      [
        19.1882079,
        42.0991594,
        1230.4
      ],
      [
        19.1882079,
        42.0991594,
        1230.4
      ],
      [
        19.1882079,
        42.0991594,
        1230.6
      ],
      [
        19.1882202,
        42.0991706,
        1230.8
      ],
      [
        19.1882457,
        42.0991721,
        1231.4
      ],
      [
        19.1882508,
        42.0991706,
        1231.6
      ],
      [
        19.1882694,
        42.0991644,
        1231.6
      ],
      [
        19.1882852,
        42.0991641,
        1231.4
      ],
      [
        19.188285,
        42.0991634,
        1231.4
      ],
      [
        19.188316,
        42.0991594,
        1231.6
      ],
      [
        19.1883189,
        42.0991583,
        1231.8
      ],
      [
        19.188326,
        42.0991635,
        1232
      ],
      [
        19.1883235,
        42.0991604,
        1232
      ],
      [
        19.1883127,
        42.0991567,
        1232
      ],
      [
        19.1883054,
        42.0991583,
        1232.2
      ],
      [
        19.1883204,
        42.0991712,
        1232.6
      ],
      [
        19.188324,
        42.0991691,
        1232.8
      ],
      [
        19.188323,
        42.0991697,
        1233
      ],
      [
        19.188359,
        42.0991706,
        1233.8
      ],
      [
        19.1883784,
        42.0991682,
        1234
      ],
      [
        19.1883856,
        42.0991725,
        1234.6
      ],
      [
        19.1884003,
        42.099175,
        1235
      ],
      [
        19.1883961,
        42.0991726,
        1235.2
      ],
      [
        19.188396,
        42.0991778,
        1235.4
      ],
      [
        19.1884134,
        42.0991824,
        1235.6
      ],
      [
        19.1884149,
        42.0991844,
        1235.8
      ],
      [
        19.1884341,
        42.0991889,
        1236.4
      ],
      [
        19.1884527,
        42.0991873,
        1236.8
      ],
      [
        19.1884825,
        42.0991936,
        1237
      ],
      [
        19.1884903,
        42.0991907,
        1237.4
      ],
      [
        19.1884931,
        42.0991904,
        1237.4
      ],
      [
        19.1884977,
        42.0991888,
        1237.4
      ],
      [
        19.1885132,
        42.0991874,
        1237.6
      ],
      [
        19.1885395,
        42.0991904,
        1238.4
      ],
      [
        19.188541,
        42.0991915,
        1238.4
      ],
      [
        19.1885357,
        42.0991932,
        1238.4
      ],
      [
        19.1885271,
        42.0991885,
        1238
      ],
      [
        19.1885253,
        42.0991894,
        1238
      ],
      [
        19.1885627,
        42.0991933,
        1238.8
      ],
      [
        19.188565,
        42.0991924,
        1238.8
      ],
      [
        19.1885651,
        42.0991925,
        1238.8
      ],
      [
        19.1885651,
        42.0991925,
        1239
      ],
      [
        19.1885651,
        42.0991925,
        1238.8
      ],
      [
        19.1885627,
        42.0991932,
        1238.8
      ],
      [
        19.1885511,
        42.0992149,
        1239.4
      ],
      [
        19.18855,
        42.09922,
        1239.8
      ],
      [
        19.1885414,
        42.0992303,
        1240.6
      ],
      [
        19.1885387,
        42.0992321,
        1241.2
      ],
      [
        19.1885254,
        42.0992586,
        1241.6
      ],
      [
        19.1885204,
        42.0992625,
        1241.8
      ],
      [
        19.1885113,
        42.0992712,
        1242.8
      ],
      [
        19.1885156,
        42.0992707,
        1243
      ],
      [
        19.1885118,
        42.0992718,
        1243
      ],
      [
        19.1885218,
        42.0992723,
        1243.2
      ],
      [
        19.188528,
        42.0992715,
        1243.4
      ],
      [
        19.1885287,
        42.0992694,
        1243.6
      ],
      [
        19.1885251,
        42.0992707,
        1243.6
      ],
      [
        19.1885006,
        42.0992589,
        1243
      ],
      [
        19.188515,
        42.0992575,
        1242.8
      ],
      [
        19.1885536,
        42.0992598,
        1243.2
      ],
      [
        19.1885661,
        42.0992624,
        1243.6
      ],
      [
        19.1885775,
        42.0992598,
        1244
      ],
      [
        19.1885862,
        42.0992572,
        1244.4
      ],
      [
        19.1885985,
        42.0992541,
        1244.6
      ],
      [
        19.1886057,
        42.0992534,
        1244.8
      ],
      [
        19.1886139,
        42.0992549,
        1245
      ],
      [
        19.18864,
        42.0992527,
        1245.4
      ],
      [
        19.1886484,
        42.0992559,
        1245.6
      ],
      [
        19.1886484,
        42.0992559,
        1245.6
      ],
      [
        19.1886531,
        42.0992614,
        1246
      ],
      [
        19.188658,
        42.0992692,
        1246.4
      ],
      [
        19.1886588,
        42.0992841,
        1247.2
      ],
      [
        19.1886562,
        42.0992865,
        1247.4
      ],
      [
        19.1886609,
        42.099294,
        1248.4
      ],
      [
        19.1886647,
        42.0992964,
        1248.8
      ],
      [
        19.1886745,
        42.0993005,
        1249.2
      ],
      [
        19.1886821,
        42.0993111,
        1249.6
      ],
      [
        19.1887181,
        42.0993052,
        1250.2
      ],
      [
        19.1887188,
        42.0993034,
        1250.6
      ],
      [
        19.1887346,
        42.0993102,
        1251.4
      ],
      [
        19.1887385,
        42.0993139,
        1251.6
      ],
      [
        19.1887659,
        42.0993281,
        1252.6
      ],
      [
        19.1887632,
        42.0993294,
        1252.6
      ],
      [
        19.1887639,
        42.099332,
        1252.6
      ],
      [
        19.1887629,
        42.0993311,
        1252.8
      ],
      [
        19.1887668,
        42.099337,
        1252.8
      ],
      [
        19.1887851,
        42.0993374,
        1254
      ],
      [
        19.1888067,
        42.0993354,
        1254.2
      ],
      [
        19.1888142,
        42.0993293,
        1254.6
      ],
      [
        19.188811,
        42.0993354,
        1254.6
      ],
      [
        19.1888201,
        42.0993519,
        1255
      ],
      [
        19.1888322,
        42.0993521,
        1255.6
      ],
      [
        19.1888425,
        42.0993529,
        1256.2
      ],
      [
        19.1888729,
        42.0993489,
        1256.6
      ],
      [
        19.1888994,
        42.0993509,
        1257.2
      ],
      [
        19.1888987,
        42.0993507,
        1257.2
      ],
      [
        19.1888921,
        42.0993519,
        1257.6
      ],
      [
        19.1888934,
        42.0993507,
        1257.6
      ],
      [
        19.1888972,
        42.0993391,
        1257.8
      ],
      [
        19.1888966,
        42.0993368,
        1257.6
      ],
      [
        19.1888959,
        42.0993441,
        1257.6
      ],
      [
        19.1888923,
        42.099357,
        1258
      ],
      [
        19.1888913,
        42.099358,
        1258
      ],
      [
        19.1888913,
        42.099358,
        1258
      ],
      [
        19.1888913,
        42.099358,
        1258
      ],
      [
        19.1888913,
        42.099358,
        1258
      ],
      [
        19.1888913,
        42.099358,
        1258.2
      ],
      [
        19.1888913,
        42.099358,
        1258.2
      ],
      [
        19.1888913,
        42.099358,
        1258.2
      ],
      [
        19.1888913,
        42.099358,
        1258.2
      ],
      [
        19.1888721,
        42.0993496,
        1258.2
      ],
      [
        19.18888,
        42.099351,
        1258.2
      ],
      [
        19.1888805,
        42.0993551,
        1258
      ],
      [
        19.1888913,
        42.099358,
        1257.8
      ],
      [
        19.1888972,
        42.099358,
        1257.6
      ],
      [
        19.1888991,
        42.0993571,
        1257.6
      ],
      [
        19.1889023,
        42.0993533,
        1257.6
      ],
      [
        19.1888913,
        42.099358,
        1257.4
      ],
      [
        19.1888949,
        42.099358,
        1257.8
      ],
      [
        19.1888958,
        42.0993567,
        1257.8
      ],
      [
        19.1888914,
        42.0993563,
        1257.8
      ],
      [
        19.1888892,
        42.0993556,
        1258
      ],
      [
        19.1888812,
        42.0993567,
        1258.2
      ],
      [
        19.1888883,
        42.0993544,
        1258.2
      ],
      [
        19.1888916,
        42.0993569,
        1258.2
      ],
      [
        19.1888888,
        42.0993544,
        1258.2
      ],
      [
        19.1888913,
        42.0993527,
        1258.2
      ],
      [
        19.1888913,
        42.099358,
        1258
      ],
      [
        19.1888913,
        42.099358,
        1258.2
      ],
      [
        19.1888913,
        42.099358,
        1258.2
      ],
      [
        19.188882,
        42.0993539,
        1258.2
      ],
      [
        19.1888913,
        42.099358,
        1258.2
      ],
      [
        19.1888911,
        42.0993571,
        1258
      ],
      [
        19.1888789,
        42.0993524,
        1258
      ],
      [
        19.1888799,
        42.0993502,
        1258
      ],
      [
        19.18887,
        42.0993522,
        1258
      ],
      [
        19.1888778,
        42.0993634,
        1258
      ],
      [
        19.1888804,
        42.099367,
        1258
      ],
      [
        19.1888845,
        42.0993691,
        1257.8
      ],
      [
        19.1888864,
        42.0993681,
        1257.8
      ],
      [
        19.1888892,
        42.0993679,
        1257.8
      ],
      [
        19.1888913,
        42.099358,
        1257.6
      ],
      [
        19.1888913,
        42.099358,
        1257.6
      ],
      [
        19.1888913,
        42.099358,
        1257.6
      ],
      [
        19.1888913,
        42.099358,
        1257.4
      ],
      [
        19.1888913,
        42.099358,
        1257.4
      ],
      [
        19.1888802,
        42.0993637,
        1257.4
      ],
      [
        19.1888965,
        42.0993571,
        1257.4
      ],
      [
        19.1888944,
        42.0993534,
        1257.6
      ],
      [
        19.1888888,
        42.0993565,
        1257.8
      ],
      [
        19.1888793,
        42.0993521,
        1257.8
      ],
      [
        19.1888913,
        42.099358,
        1257.8
      ],
      [
        19.1888913,
        42.099358,
        1258
      ],
      [
        19.1888913,
        42.099358,
        1258
      ],
      [
        19.1888913,
        42.099358,
        1258
      ],
      [
        19.1888913,
        42.099358,
        1258
      ],
      [
        19.1888842,
        42.0993586,
        1258
      ],
      [
        19.1888845,
        42.0993605,
        1258.2
      ],
      [
        19.1888913,
        42.099358,
        1258.2
      ],
      [
        19.1888913,
        42.099358,
        1258.2
      ],
      [
        19.1888913,
        42.099358,
        1258.2
      ],
      [
        19.188885,
        42.0993645,
        1258.2
      ],
      [
        19.188884,
        42.0993638,
        1258.2
      ],
      [
        19.1888813,
        42.0993505,
        1258.4
      ],
      [
        19.1888747,
        42.0993548,
        1258.4
      ],
      [
        19.1888758,
        42.0993578,
        1258.4
      ],
      [
        19.1888761,
        42.0993664,
        1259
      ],
      [
        19.1888722,
        42.0993666,
        1259
      ],
      [
        19.1888711,
        42.099387,
        1259.2
      ],
      [
        19.1888902,
        42.0993854,
        1259.8
      ],
      [
        19.1889063,
        42.0993828,
        1260.2
      ],
      [
        19.1889159,
        42.0993798,
        1260.2
      ],
      [
        19.1889286,
        42.099379,
        1260.6
      ],
      [
        19.1889341,
        42.0993821,
        1260.8
      ],
      [
        19.1889302,
        42.0993904,
        1261
      ],
      [
        19.1889325,
        42.0993959,
        1261.4
      ],
      [
        19.1889561,
        42.0994056,
        1262
      ],
      [
        19.1889648,
        42.0994073,
        1262.4
      ],
      [
        19.1889744,
        42.0994167,
        1263.6
      ],
      [
        19.189004,
        42.099419,
        1264.2
      ],
      [
        19.1890068,
        42.0994209,
        1264.4
      ],
      [
        19.1890093,
        42.099426,
        1264.6
      ],
      [
        19.1890161,
        42.0994323,
        1264.8
      ],
      [
        19.1890268,
        42.0994366,
        1265
      ],
      [
        19.1890393,
        42.099436,
        1265.6
      ],
      [
        19.1890663,
        42.0994322,
        1266.2
      ],
      [
        19.1890809,
        42.0994318,
        1266.6
      ],
      [
        19.1890676,
        42.0994469,
        1267.2
      ],
      [
        19.1890638,
        42.0994551,
        1267.6
      ],
      [
        19.1890449,
        42.099464,
        1268.4
      ],
      [
        19.1890422,
        42.0994639,
        1268.8
      ],
      [
        19.1890266,
        42.0994702,
        1269.2
      ],
      [
        19.1890229,
        42.0994863,
        1269.8
      ],
      [
        19.1890321,
        42.0995007,
        1270.2
      ],
      [
        19.1890326,
        42.0995129,
        1270.8
      ],
      [
        19.1890159,
        42.0995191,
        1271.2
      ],
      [
        19.1890114,
        42.0995241,
        1271.8
      ],
      [
        19.1890089,
        42.0995387,
        1272.2
      ],
      [
        19.1890232,
        42.0995482,
        1272.8
      ],
      [
        19.189023,
        42.0995468,
        1273
      ],
      [
        19.1890392,
        42.099552,
        1273.4
      ],
      [
        19.1890632,
        42.0995481,
        1274
      ],
      [
        19.1890748,
        42.0995542,
        1274.2
      ],
      [
        19.1890556,
        42.099538,
        1274.4
      ],
      [
        19.189055,
        42.0995318,
        1274.4
      ],
      [
        19.1890533,
        42.0995287,
        1274.8
      ],
      [
        19.1890594,
        42.0995393,
        1274.6
      ],
      [
        19.1890591,
        42.0995413,
        1274.4
      ],
      [
        19.1890599,
        42.0995428,
        1274.4
      ],
      [
        19.189061,
        42.0995443,
        1274.4
      ],
      [
        19.1890473,
        42.0995395,
        1274.4
      ],
      [
        19.189037,
        42.0995293,
        1274.4
      ],
      [
        19.1890417,
        42.0995328,
        1274.4
      ],
      [
        19.1890555,
        42.0995452,
        1274.4
      ],
      [
        19.1890819,
        42.0995526,
        1274.8
      ],
      [
        19.1890957,
        42.0995506,
        1275
      ],
      [
        19.189106,
        42.0995651,
        1275.8
      ],
      [
        19.1890982,
        42.0995675,
        1276
      ],
      [
        19.1890855,
        42.099586,
        1276.8
      ],
      [
        19.1890875,
        42.0995836,
        1277
      ],
      [
        19.1890903,
        42.0995854,
        1277.2
      ],
      [
        19.1891083,
        42.0995946,
        1277.6
      ],
      [
        19.1891231,
        42.0996002,
        1278.2
      ],
      [
        19.1891594,
        42.0996014,
        1279
      ],
      [
        19.1891679,
        42.0995999,
        1279.4
      ],
      [
        19.1891544,
        42.09961,
        1280
      ],
      [
        19.1891504,
        42.0996144,
        1280
      ],
      [
        19.1891483,
        42.0996229,
        1280.4
      ],
      [
        19.1891552,
        42.0996317,
        1280.8
      ],
      [
        19.1891766,
        42.0996354,
        1281.6
      ],
      [
        19.1891826,
        42.0996376,
        1281.8
      ],
      [
        19.1891715,
        42.0996455,
        1282.2
      ],
      [
        19.1891646,
        42.0996552,
        1282.6
      ],
      [
        19.1891495,
        42.09967,
        1283.6
      ],
      [
        19.1891431,
        42.0996759,
        1283.6
      ],
      [
        19.1891409,
        42.09968,
        1283.8
      ],
      [
        19.1891392,
        42.0996848,
        1284.6
      ],
      [
        19.1891338,
        42.0996925,
        1285
      ],
      [
        19.1891215,
        42.0997074,
        1285.4
      ],
      [
        19.1891256,
        42.0997159,
        1286
      ],
      [
        19.1891476,
        42.0997224,
        1286
      ],
      [
        19.189175,
        42.0997197,
        1286.8
      ],
      [
        19.1891841,
        42.0997207,
        1287
      ],
      [
        19.1891866,
        42.0997231,
        1287.2
      ],
      [
        19.1892118,
        42.0997389,
        1288
      ],
      [
        19.1892106,
        42.0997464,
        1288.4
      ],
      [
        19.1892205,
        42.0997453,
        1289.2
      ],
      [
        19.1892293,
        42.099745,
        1289.2
      ],
      [
        19.1892428,
        42.0997595,
        1290
      ],
      [
        19.1892465,
        42.0997608,
        1290.2
      ],
      [
        19.1892767,
        42.0997665,
        1290.4
      ],
      [
        19.189288,
        42.0997662,
        1290.6
      ],
      [
        19.189278,
        42.0997728,
        1291.2
      ],
      [
        19.1892653,
        42.0997763,
        1292
      ],
      [
        19.1892637,
        42.0997707,
        1292.2
      ],
      [
        19.1892472,
        42.0997805,
        1292.8
      ],
      [
        19.189244,
        42.099792,
        1293.2
      ],
      [
        19.1892431,
        42.0998021,
        1293.8
      ],
      [
        19.1892471,
        42.0998053,
        1294.2
      ],
      [
        19.1892535,
        42.0998105,
        1294.2
      ],
      [
        19.189252,
        42.099811,
        1294.2
      ],
      [
        19.189247,
        42.0998111,
        1295.2
      ],
      [
        19.1892466,
        42.0998138,
        1295.4
      ],
      [
        19.1892409,
        42.0998239,
        1295.2
      ],
      [
        19.1892508,
        42.0998465,
        1295.6
      ],
      [
        19.1892801,
        42.0998536,
        1296.6
      ],
      [
        19.1893004,
        42.099853,
        1297.6
      ],
      [
        19.189311,
        42.0998528,
        1298.6
      ],
      [
        19.1893141,
        42.099855,
        1298.8
      ],
      [
        19.1893166,
        42.0998576,
        1298.8
      ],
      [
        19.1893478,
        42.0998597,
        1299.6
      ],
      [
        19.1893558,
        42.0998589,
        1299.8
      ],
      [
        19.1893624,
        42.0998579,
        1300
      ],
      [
        19.1893667,
        42.0998555,
        1300.6
      ],
      [
        19.1893674,
        42.0998556,
        1300.4
      ],
      [
        19.1893583,
        42.0998668,
        1300.4
      ],
      [
        19.1893577,
        42.0998651,
        1300.4
      ],
      [
        19.1893622,
        42.0998545,
        1300.2
      ],
      [
        19.1893611,
        42.0998533,
        1300
      ],
      [
        19.1893548,
        42.099855,
        1300.4
      ],
      [
        19.1893519,
        42.0998553,
        1300.2
      ],
      [
        19.1893408,
        42.0998553,
        1300.2
      ],
      [
        19.1893513,
        42.0998499,
        1300.4
      ],
      [
        19.1893522,
        42.0998525,
        1300.4
      ],
      [
        19.189364,
        42.0998777,
        1300.4
      ],
      [
        19.1893705,
        42.0998789,
        1300.8
      ],
      [
        19.1893753,
        42.0998852,
        1301
      ],
      [
        19.1893855,
        42.0998953,
        1301.6
      ],
      [
        19.1893923,
        42.0998973,
        1301.8
      ],
      [
        19.1894101,
        42.0998932,
        1303
      ],
      [
        19.1894264,
        42.0999057,
        1303.2
      ],
      [
        19.1894289,
        42.0999155,
        1303.8
      ],
      [
        19.1894341,
        42.099915,
        1304
      ],
      [
        19.1894747,
        42.0999105,
        1305
      ],
      [
        19.1894813,
        42.0999113,
        1305.2
      ],
      [
        19.1894856,
        42.099912,
        1305.2
      ],
      [
        19.1895082,
        42.0999056,
        1306.2
      ],
      [
        19.1895161,
        42.0999099,
        1306.6
      ],
      [
        19.189534,
        42.0999179,
        1307.2
      ],
      [
        19.1895353,
        42.0999224,
        1307.6
      ],
      [
        19.1895564,
        42.0999254,
        1308.4
      ],
      [
        19.189563,
        42.0999254,
        1308.4
      ],
      [
        19.1895852,
        42.0999291,
        1309.2
      ],
      [
        19.1895955,
        42.0999325,
        1309.4
      ],
      [
        19.1896042,
        42.0999327,
        1309.8
      ],
      [
        19.1896093,
        42.0999324,
        1310
      ],
      [
        19.1896144,
        42.0999303,
        1310.4
      ],
      [
        19.1896165,
        42.0999348,
        1310.6
      ],
      [
        19.1896164,
        42.0999349,
        1310.6
      ],
      [
        19.1896599,
        42.0999355,
        1311.4
      ],
      [
        19.1896671,
        42.0999354,
        1311.6
      ],
      [
        19.1896771,
        42.0999362,
        1311.6
      ],
      [
        19.1896808,
        42.0999447,
        1312.6
      ],
      [
        19.1896873,
        42.0999434,
        1313.2
      ],
      [
        19.1896957,
        42.099938,
        1313.6
      ],
      [
        19.1897048,
        42.0999395,
        1313.8
      ],
      [
        19.1897384,
        42.0999376,
        1314.8
      ],
      [
        19.1897371,
        42.0999372,
        1314.8
      ],
      [
        19.1897352,
        42.099956,
        1315.2
      ],
      [
        19.1897384,
        42.0999654,
        1315.8
      ],
      [
        19.1897497,
        42.0999672,
        1316
      ],
      [
        19.1897745,
        42.0999791,
        1317
      ],
      [
        19.1897797,
        42.09998,
        1317.2
      ],
      [
        19.1898147,
        42.0999777,
        1318
      ],
      [
        19.1898295,
        42.0999735,
        1318.4
      ],
      [
        19.1898675,
        42.0999692,
        1319.2
      ],
      [
        19.1898776,
        42.0999672,
        1319.4
      ],
      [
        19.1899192,
        42.099966,
        1320.2
      ],
      [
        19.1899348,
        42.0999666,
        1320.6
      ],
      [
        19.1899236,
        42.0999682,
        1321.2
      ],
      [
        19.1899416,
        42.0999843,
        1322
      ],
      [
        19.1899527,
        42.099985,
        1322.2
      ],
      [
        19.1899665,
        42.0999887,
        1322.6
      ],
      [
        19.1899679,
        42.0999923,
        1322.8
      ],
      [
        19.1899699,
        42.0999937,
        1323.2
      ],
      [
        19.1899939,
        42.099995,
        1323.2
      ],
      [
        19.1900272,
        42.099998,
        1324.4
      ],
      [
        19.1900366,
        42.0999992,
        1324.6
      ],
      [
        19.190054,
        42.1000037,
        1325.4
      ],
      [
        19.1900697,
        42.100002,
        1326.4
      ],
      [
        19.190075,
        42.1000016,
        1326.4
      ],
      [
        19.1901042,
        42.0999964,
        1327
      ],
      [
        19.1901276,
        42.0999968,
        1327.6
      ],
      [
        19.1901226,
        42.1000009,
        1327.8
      ],
      [
        19.1901257,
        42.0999979,
        1327.8
      ],
      [
        19.1901125,
        42.100002,
        1328
      ],
      [
        19.1901344,
        42.1000059,
        1328.6
      ],
      [
        19.1901437,
        42.100006,
        1328.6
      ],
      [
        19.1901585,
        42.1000097,
        1329.2
      ],
      [
        19.1901805,
        42.1000075,
        1329.6
      ],
      [
        19.1902099,
        42.100006,
        1330.8
      ],
      [
        19.1902198,
        42.1000046,
        1331.2
      ],
      [
        19.1902247,
        42.1000044,
        1331.6
      ],
      [
        19.1902285,
        42.1000045,
        1331.6
      ],
      [
        19.1902267,
        42.0999948,
        1331.8
      ],
      [
        19.1902262,
        42.0999924,
        1331.8
      ],
      [
        19.1902276,
        42.0999907,
        1331.8
      ],
      [
        19.1902176,
        42.0999936,
        1331.8
      ],
      [
        19.1902176,
        42.0999936,
        1331.6
      ],
      [
        19.1902194,
        42.0999952,
        1331.6
      ],
      [
        19.1902122,
        42.0999956,
        1331.8
      ],
      [
        19.1902278,
        42.0999972,
        1332
      ],
      [
        19.1902205,
        42.1000011,
        1332
      ],
      [
        19.1902195,
        42.099999,
        1332
      ],
      [
        19.1902269,
        42.1000025,
        1332.2
      ],
      [
        19.190242,
        42.100001,
        1332.2
      ],
      [
        19.1902487,
        42.0999997,
        1332
      ],
      [
        19.1902486,
        42.0999997,
        1332
      ],
      [
        19.1902486,
        42.0999997,
        1332.2
      ],
      [
        19.1902486,
        42.0999997,
        1332.2
      ],
      [
        19.1902486,
        42.0999997,
        1332.4
      ],
      [
        19.1902418,
        42.0999973,
        1332.4
      ],
      [
        19.1902365,
        42.0999953,
        1332.2
      ],
      [
        19.1902486,
        42.0999997,
        1332.6
      ],
      [
        19.1902341,
        42.0999975,
        1332.6
      ],
      [
        19.1902329,
        42.1000025,
        1332.6
      ],
      [
        19.1902329,
        42.1000071,
        1332.8
      ],
      [
        19.1902368,
        42.1000063,
        1332.8
      ],
      [
        19.1902319,
        42.1000086,
        1332.4
      ],
      [
        19.1902267,
        42.1000064,
        1332.4
      ],
      [
        19.1902162,
        42.1000017,
        1332.8
      ],
      [
        19.1902221,
        42.1000029,
        1332.8
      ],
      [
        19.1902222,
        42.0999953,
        1332.8
      ],
      [
        19.1902221,
        42.0999948,
        1332.8
      ],
      [
        19.1902221,
        42.0999948,
        1332.8
      ],
      [
        19.1902221,
        42.0999948,
        1332.8
      ],
      [
        19.190224,
        42.0999942,
        1332.8
      ],
      [
        19.1902226,
        42.0999908,
        1332.8
      ],
      [
        19.1902271,
        42.0999894,
        1332.8
      ],
      [
        19.1902334,
        42.09999,
        1332.6
      ],
      [
        19.1902384,
        42.0999869,
        1332.6
      ],
      [
        19.1902418,
        42.0999918,
        1332.8
      ],
      [
        19.1902437,
        42.0999989,
        1332.4
      ],
      [
        19.1902379,
        42.1000073,
        1332.4
      ],
      [
        19.1902212,
        42.0999985,
        1332.8
      ],
      [
        19.1902146,
        42.0999939,
        1332.8
      ],
      [
        19.1902223,
        42.0999895,
        1332.6
      ],
      [
        19.1902203,
        42.099994,
        1332.6
      ],
      [
        19.1902135,
        42.0999904,
        1332.8
      ],
      [
        19.1902176,
        42.0999983,
        1333.2
      ],
      [
        19.1902232,
        42.100003,
        1333.4
      ],
      [
        19.1902243,
        42.1000045,
        1333.6
      ],
      [
        19.1902211,
        42.1000047,
        1333.6
      ],
      [
        19.1902349,
        42.100005,
        1333.6
      ],
      [
        19.1902349,
        42.100005,
        1333.6
      ],
      [
        19.1902349,
        42.100005,
        1333.8
      ],
      [
        19.1902349,
        42.100005,
        1334
      ],
      [
        19.1902349,
        42.100005,
        1334
      ],
      [
        19.1902369,
        42.1000014,
        1334
      ],
      [
        19.1902349,
        42.100005,
        1334
      ],
      [
        19.1902349,
        42.100005,
        1334
      ],
      [
        19.1902349,
        42.100005,
        1334
      ],
      [
        19.1902267,
        42.0999923,
        1334.2
      ],
      [
        19.1902251,
        42.0999954,
        1334.4
      ],
      [
        19.1902267,
        42.0999909,
        1334
      ],
      [
        19.1902293,
        42.0999959,
        1333.8
      ],
      [
        19.1902297,
        42.0999899,
        1334.4
      ],
      [
        19.1902291,
        42.0999831,
        1334.2
      ],
      [
        19.1902296,
        42.0999802,
        1334.2
      ],
      [
        19.1902314,
        42.0999811,
        1334.2
      ],
      [
        19.1902338,
        42.0999823,
        1334.2
      ],
      [
        19.1902406,
        42.0999827,
        1334.2
      ],
      [
        19.1902392,
        42.0999836,
        1334.4
      ],
      [
        19.190246,
        42.0999909,
        1334.2
      ],
      [
        19.1902391,
        42.0999863,
        1334.4
      ],
      [
        19.1902434,
        42.0999895,
        1334.6
      ],
      [
        19.1902418,
        42.0999901,
        1334.4
      ],
      [
        19.1902152,
        42.0999934,
        1334.4
      ],
      [
        19.1902198,
        42.0999917,
        1334.4
      ],
      [
        19.1902275,
        42.0999951,
        1334.4
      ],
      [
        19.1902143,
        42.0999983,
        1334.8
      ],
      [
        19.1902162,
        42.1000001,
        1334.8
      ],
      [
        19.1902227,
        42.0999941,
        1334.8
      ],
      [
        19.1902227,
        42.0999941,
        1334.8
      ],
      [
        19.1902227,
        42.0999941,
        1334.6
      ],
      [
        19.1902567,
        42.0999882,
        1335
      ],
      [
        19.1902766,
        42.0999854,
        1335.4
      ],
      [
        19.190278,
        42.0999903,
        1335.4
      ],
      [
        19.1902767,
        42.100003,
        1335.2
      ],
      [
        19.1902654,
        42.0999999,
        1335.2
      ],
      [
        19.1902537,
        42.1000011,
        1335
      ],
      [
        19.1902514,
        42.099997,
        1335.2
      ],
      [
        19.1902597,
        42.0999943,
        1335.2
      ],
      [
        19.1902605,
        42.0999941,
        1335.2
      ],
      [
        19.1902702,
        42.1000008,
        1335.8
      ],
      [
        19.1902671,
        42.1000017,
        1336
      ],
      [
        19.1902679,
        42.1000047,
        1336.2
      ],
      [
        19.1902437,
        42.100023,
        1337.2
      ],
      [
        19.1902452,
        42.1000243,
        1337.4
      ],
      [
        19.1902607,
        42.100035,
        1338.4
      ],
      [
        19.1902887,
        42.1000377,
        1339
      ],
      [
        19.1902965,
        42.1000368,
        1339.4
      ],
      [
        19.1903079,
        42.1000329,
        1339.8
      ],
      [
        19.1903097,
        42.1000314,
        1340
      ],
      [
        19.1903354,
        42.1000246,
        1340.4
      ],
      [
        19.1903528,
        42.1000148,
        1341
      ],
      [
        19.1903402,
        42.1000205,
        1341.4
      ],
      [
        19.190338,
        42.1000195,
        1341.4
      ],
      [
        19.190372,
        42.1000124,
        1342
      ],
      [
        19.1903794,
        42.1000118,
        1342.6
      ],
      [
        19.1903861,
        42.1000191,
        1342.8
      ],
      [
        19.1903886,
        42.1000188,
        1342.8
      ],
      [
        19.1904124,
        42.100012,
        1343.4
      ],
      [
        19.1904152,
        42.1000128,
        1343.6
      ],
      [
        19.1904133,
        42.1000144,
        1343.8
      ],
      [
        19.1904215,
        42.1000045,
        1344.8
      ],
      [
        19.1904269,
        42.1000022,
        1344.8
      ],
      [
        19.1904313,
        42.1000011,
        1345
      ],
      [
        19.1904481,
        42.1000008,
        1346
      ],
      [
        19.1904528,
        42.1000081,
        1346.2
      ],
      [
        19.1904703,
        42.1000162,
        1346.4
      ],
      [
        19.1904649,
        42.1000125,
        1347
      ],
      [
        19.1904784,
        42.1000107,
        1347.2
      ],
      [
        19.1904871,
        42.1000093,
        1347.2
      ],
      [
        19.1905124,
        42.1000032,
        1348.2
      ],
      [
        19.1905244,
        42.0999996,
        1348.6
      ],
      [
        19.1905256,
        42.0999994,
        1348.6
      ],
      [
        19.1905365,
        42.0999906,
        1349.2
      ],
      [
        19.1905699,
        42.0999702,
        1349.8
      ],
      [
        19.1905717,
        42.099968,
        1350.2
      ],
      [
        19.1905788,
        42.0999726,
        1350.6
      ],
      [
        19.1905842,
        42.099984,
        1350.8
      ],
      [
        19.1905737,
        42.0999877,
        1350.8
      ],
      [
        19.1905978,
        42.0999813,
        1351.2
      ],
      [
        19.190594,
        42.0999799,
        1351.2
      ],
      [
        19.1905764,
        42.0999771,
        1351
      ],
      [
        19.1905755,
        42.0999778,
        1351.2
      ],
      [
        19.1905935,
        42.0999718,
        1351.2
      ],
      [
        19.1906055,
        42.0999641,
        1351.8
      ],
      [
        19.1906101,
        42.0999728,
        1352.2
      ],
      [
        19.1906197,
        42.0999748,
        1352.2
      ],
      [
        19.1906272,
        42.09998,
        1352.4
      ],
      [
        19.1906426,
        42.0999725,
        1353
      ],
      [
        19.1906448,
        42.0999674,
        1353.2
      ],
      [
        19.1906442,
        42.0999673,
        1353.2
      ],
      [
        19.1906511,
        42.0999665,
        1353.6
      ],
      [
        19.1906606,
        42.0999638,
        1354.4
      ],
      [
        19.1906861,
        42.0999467,
        1355.6
      ],
      [
        19.1907254,
        42.0999233,
        1356.8
      ],
      [
        19.1907389,
        42.0999093,
        1357
      ],
      [
        19.1907623,
        42.0998924,
        1357.8
      ],
      [
        19.1907746,
        42.0998903,
        1358
      ],
      [
        19.1907787,
        42.099884,
        1358.8
      ],
      [
        19.1907886,
        42.0998833,
        1359.2
      ],
      [
        19.1908142,
        42.0998789,
        1359.8
      ],
      [
        19.1908388,
        42.0998727,
        1360.2
      ],
      [
        19.1908398,
        42.0998691,
        1360.6
      ],
      [
        19.1908401,
        42.0998721,
        1360.8
      ],
      [
        19.1908364,
        42.0998653,
        1361
      ],
      [
        19.1908321,
        42.0998721,
        1361.6
      ],
      [
        19.1908385,
        42.0998733,
        1361.8
      ],
      [
        19.1908394,
        42.0998752,
        1361.8
      ],
      [
        19.1908407,
        42.0998955,
        1362.6
      ],
      [
        19.1908478,
        42.0998997,
        1362.8
      ],
      [
        19.1908463,
        42.0999004,
        1363
      ],
      [
        19.1908474,
        42.0999153,
        1363.8
      ],
      [
        19.1908497,
        42.0999167,
        1364
      ],
      [
        19.1908516,
        42.0999268,
        1364.6
      ],
      [
        19.1908586,
        42.099934,
        1365
      ],
      [
        19.1908602,
        42.0999332,
        1365.2
      ],
      [
        19.1908511,
        42.0999448,
        1365
      ],
      [
        19.1908737,
        42.0999584,
        1365
      ],
      [
        19.1908814,
        42.0999669,
        1364.8
      ],
      [
        19.1908835,
        42.099951,
        1364.8
      ],
      [
        19.1908775,
        42.0999353,
        1364.8
      ],
      [
        19.1908771,
        42.0999279,
        1364.6
      ],
      [
        19.1908746,
        42.0999246,
        1364.6
      ],
      [
        19.1908613,
        42.0999264,
        1364.6
      ],
      [
        19.1908608,
        42.0999283,
        1364.8
      ],
      [
        19.1908717,
        42.0999181,
        1364.4
      ],
      [
        19.1908915,
        42.0999113,
        1364.2
      ],
      [
        19.1908929,
        42.0999077,
        1364.4
      ],
      [
        19.1908947,
        42.0999032,
        1364.4
      ],
      [
        19.1908972,
        42.0999131,
        1364.4
      ],
      [
        19.1908972,
        42.0999131,
        1364.4
      ],
      [
        19.1908972,
        42.0999131,
        1364.2
      ],
      [
        19.1908848,
        42.0999101,
        1364.2
      ],
      [
        19.1908793,
        42.0999169,
        1364.4
      ],
      [
        19.1908793,
        42.0999169,
        1364.2
      ],
      [
        19.1908697,
        42.0999268,
        1365
      ],
      [
        19.1908673,
        42.0999215,
        1365
      ],
      [
        19.1908674,
        42.0999219,
        1365
      ],
      [
        19.1908722,
        42.0999136,
        1365
      ],
      [
        19.1908737,
        42.0999105,
        1365.2
      ],
      [
        19.1908752,
        42.0999108,
        1365.4
      ],
      [
        19.1908777,
        42.0999086,
        1365.2
      ],
      [
        19.1908793,
        42.0999169,
        1365.4
      ],
      [
        19.1908793,
        42.0999169,
        1365.4
      ],
      [
        19.1908793,
        42.0999169,
        1365.4
      ],
      [
        19.1908793,
        42.0999169,
        1365.4
      ],
      [
        19.1908793,
        42.0999169,
        1365.2
      ],
      [
        19.1908712,
        42.0999292,
        1365.2
      ],
      [
        19.1908706,
        42.0999296,
        1365.2
      ],
      [
        19.1908691,
        42.0999306,
        1365.2
      ],
      [
        19.1908644,
        42.0999357,
        1365.2
      ],
      [
        19.1908632,
        42.0999395,
        1365.2
      ],
      [
        19.1908587,
        42.099938,
        1365.2
      ],
      [
        19.1908529,
        42.0999281,
        1365.4
      ],
      [
        19.1908564,
        42.0999244,
        1365.2
      ],
      [
        19.1908552,
        42.0999266,
        1365.2
      ],
      [
        19.1908545,
        42.0999272,
        1365.4
      ],
      [
        19.1908585,
        42.0999433,
        1365.6
      ],
      [
        19.1908585,
        42.0999445,
        1365.6
      ],
      [
        19.1908637,
        42.0999413,
        1365.2
      ],
      [
        19.1908636,
        42.0999329,
        1365.2
      ],
      [
        19.190868,
        42.0999357,
        1365
      ],
      [
        19.1908683,
        42.0999327,
        1365.2
      ],
      [
        19.1908799,
        42.0999249,
        1365.2
      ],
      [
        19.1908851,
        42.0999277,
        1365.2
      ],
      [
        19.1908706,
        42.0999296,
        1365
      ],
      [
        19.1908706,
        42.0999296,
        1364.8
      ],
      [
        19.1908706,
        42.0999296,
        1364.6
      ],
      [
        19.1908706,
        42.0999296,
        1364.4
      ],
      [
        19.1908722,
        42.0999338,
        1364.4
      ],
      [
        19.1908746,
        42.0999346,
        1364.2
      ],
      [
        19.1908751,
        42.0999276,
        1364.2
      ],
      [
        19.1908586,
        42.0999212,
        1364
      ],
      [
        19.1908537,
        42.0999234,
        1364.2
      ],
      [
        19.1908655,
        42.099937,
        1364.6
      ],
      [
        19.1908631,
        42.0999355,
        1365
      ],
      [
        19.1908675,
        42.0999378,
        1365
      ],
      [
        19.1908784,
        42.0999486,
        1365.8
      ],
      [
        19.1908833,
        42.0999571,
        1366.2
      ],
      [
        19.1908907,
        42.0999686,
        1367.2
      ],
      [
        19.1909015,
        42.0999863,
        1368.4
      ],
      [
        19.1909101,
        42.0999998,
        1368.8
      ],
      [
        19.1909131,
        42.1000141,
        1369.4
      ],
      [
        19.1909104,
        42.100015,
        1369.8
      ],
      [
        19.1909122,
        42.1000084,
        1369.6
      ],
      [
        19.1909376,
        42.0999984,
        1370
      ],
      [
        19.1909323,
        42.0999946,
        1370.4
      ],
      [
        19.1909388,
        42.0999997,
        1370.4
      ],
      [
        19.1909481,
        42.099995,
        1370.8
      ],
      [
        19.1909443,
        42.0999967,
        1371
      ],
      [
        19.190943,
        42.1000012,
        1371.6
      ],
      [
        19.1909578,
        42.1000104,
        1372.6
      ],
      [
        19.1909654,
        42.1000161,
        1372.8
      ],
      [
        19.1909593,
        42.1000157,
        1373
      ],
      [
        19.1909949,
        42.1000208,
        1373.8
      ],
      [
        19.1909827,
        42.1000221,
        1374.2
      ],
      [
        19.1909766,
        42.1000472,
        1374.8
      ],
      [
        19.1909772,
        42.1000607,
        1375.6
      ],
      [
        19.1909754,
        42.1000643,
        1375.8
      ],
      [
        19.1909759,
        42.1000854,
        1376.6
      ],
      [
        19.1909775,
        42.1000897,
        1376.8
      ],
      [
        19.1909846,
        42.1001022,
        1378
      ],
      [
        19.1909867,
        42.1001111,
        1378.2
      ],
      [
        19.1909944,
        42.1001254,
        1378.6
      ],
      [
        19.1909995,
        42.1001301,
        1379
      ],
      [
        19.1910017,
        42.1001334,
        1379
      ],
      [
        19.1909937,
        42.1001391,
        1379.8
      ],
      [
        19.1909913,
        42.1001384,
        1380
      ],
      [
        19.191005,
        42.1001638,
        1380.6
      ],
      [
        19.1910203,
        42.1001662,
        1381
      ],
      [
        19.1910399,
        42.1001699,
        1382.2
      ],
      [
        19.1910432,
        42.1001703,
        1382.4
      ],
      [
        19.1910587,
        42.1001805,
        1383.2
      ],
      [
        19.1910571,
        42.1001797,
        1383.2
      ],
      [
        19.1910424,
        42.1001959,
        1384
      ],
      [
        19.1910356,
        42.1002027,
        1384.2
      ],
      [
        19.1910328,
        42.1002125,
        1384.4
      ],
      [
        19.1910556,
        42.1002309,
        1385.2
      ],
      [
        19.1910651,
        42.1002318,
        1385.2
      ],
      [
        19.1910791,
        42.1002316,
        1385.6
      ],
      [
        19.1910847,
        42.1002275,
        1385.8
      ],
      [
        19.1910952,
        42.1002306,
        1386.2
      ],
      [
        19.1910946,
        42.1002497,
        1387
      ],
      [
        19.1910959,
        42.1002565,
        1387.4
      ],
      [
        19.191084,
        42.1002643,
        1388.4
      ],
      [
        19.1910822,
        42.10027,
        1388.6
      ],
      [
        19.191095,
        42.1002875,
        1389.4
      ],
      [
        19.191103,
        42.1002969,
        1389.6
      ],
      [
        19.1911223,
        42.1003031,
        1390.2
      ],
      [
        19.191133,
        42.1003065,
        1390.6
      ],
      [
        19.1911265,
        42.100323,
        1391.6
      ],
      [
        19.1911249,
        42.1003368,
        1392.4
      ],
      [
        19.1911259,
        42.1003459,
        1392.6
      ],
      [
        19.1911267,
        42.100349,
        1392.6
      ],
      [
        19.1911255,
        42.1003674,
        1393.2
      ],
      [
        19.1911453,
        42.1003803,
        1393.8
      ],
      [
        19.1911523,
        42.10038,
        1394
      ],
      [
        19.191183,
        42.1003751,
        1395
      ],
      [
        19.1912091,
        42.1003596,
        1396
      ],
      [
        19.1912157,
        42.1003548,
        1396
      ],
      [
        19.1912452,
        42.1003494,
        1397
      ],
      [
        19.1912499,
        42.1003523,
        1397.2
      ],
      [
        19.1912578,
        42.100371,
        1398.2
      ],
      [
        19.1912773,
        42.1003879,
        1399.2
      ],
      [
        19.1912736,
        42.10039,
        1399.2
      ],
      [
        19.1912989,
        42.1004037,
        1400.2
      ],
      [
        19.191303,
        42.1004046,
        1400.4
      ],
      [
        19.1913071,
        42.1004168,
        1401
      ],
      [
        19.1913092,
        42.1004272,
        1401.4
      ],
      [
        19.1913113,
        42.100433,
        1401.4
      ],
      [
        19.1913015,
        42.100449,
        1402.4
      ],
      [
        19.1912967,
        42.1004527,
        1402.6
      ],
      [
        19.1913113,
        42.1004784,
        1403.4
      ],
      [
        19.191319,
        42.1004791,
        1403.6
      ],
      [
        19.1913479,
        42.1004974,
        1404.6
      ],
      [
        19.1913557,
        42.1005069,
        1405.6
      ],
      [
        19.1913827,
        42.1005178,
        1406.6
      ],
      [
        19.1913922,
        42.1005217,
        1406.8
      ],
      [
        19.1914093,
        42.1005355,
        1407.6
      ],
      [
        19.1914146,
        42.1005395,
        1407.8
      ],
      [
        19.1914409,
        42.1005549,
        1408.8
      ],
      [
        19.1914433,
        42.100559,
        1408.8
      ],
      [
        19.1914458,
        42.1005636,
        1409.2
      ],
      [
        19.1914633,
        42.1005777,
        1410
      ],
      [
        19.1914815,
        42.1005753,
        1410
      ],
      [
        19.1915148,
        42.1005579,
        1410.2
      ],
      [
        19.1915068,
        42.1005606,
        1410.6
      ],
      [
        19.1915103,
        42.1005657,
        1411.2
      ],
      [
        19.1915528,
        42.1005578,
        1410.2
      ],
      [
        19.1915539,
        42.1005546,
        1409.8
      ],
      [
        19.1915452,
        42.1005431,
        1410
      ],
      [
        19.1915462,
        42.1005469,
        1410.2
      ],
      [
        19.1915462,
        42.1005469,
        1410.2
      ],
      [
        19.1915462,
        42.1005469,
        1410.4
      ],
      [
        19.1915492,
        42.1005403,
        1410.8
      ],
      [
        19.1915496,
        42.1005349,
        1410.6
      ],
      [
        19.1915462,
        42.1005469,
        1410.4
      ],
      [
        19.1915462,
        42.1005469,
        1410.4
      ],
      [
        19.1915462,
        42.1005469,
        1410.2
      ],
      [
        19.1915473,
        42.1005366,
        1410
      ],
      [
        19.1915445,
        42.100537,
        1411
      ],
      [
        19.1915459,
        42.1005357,
        1410.8
      ],
      [
        19.1915353,
        42.1005412,
        1410.4
      ],
      [
        19.1914979,
        42.1005675,
        1410.8
      ],
      [
        19.1914923,
        42.100568,
        1410.8
      ],
      [
        19.1914895,
        42.1005727,
        1411
      ],
      [
        19.1914463,
        42.1005902,
        1410.8
      ],
      [
        19.1914359,
        42.1006016,
        1410.8
      ],
      [
        19.1914059,
        42.1006171,
        1411.2
      ],
      [
        19.1913981,
        42.1006221,
        1411.4
      ],
      [
        19.1913917,
        42.1006377,
        1411.8
      ],
      [
        19.1913916,
        42.1006425,
        1412.8
      ],
      [
        19.191388,
        42.1006424,
        1412.8
      ],
      [
        19.1913702,
        42.1006561,
        1413.4
      ],
      [
        19.1913632,
        42.1006699,
        1414
      ],
      [
        19.1913446,
        42.1006626,
        1414.2
      ],
      [
        19.191329,
        42.1006662,
        1414.4
      ],
      [
        19.1913166,
        42.1006783,
        1415
      ],
      [
        19.1913184,
        42.1006878,
        1415.6
      ],
      [
        19.1913218,
        42.1007041,
        1416.2
      ],
      [
        19.1913182,
        42.100707,
        1416.4
      ],
      [
        19.1913098,
        42.1007197,
        1416.6
      ],
      [
        19.1913089,
        42.1007248,
        1416.6
      ],
      [
        19.1912978,
        42.1007389,
        1417
      ],
      [
        19.1912861,
        42.1007411,
        1417.4
      ],
      [
        19.1912731,
        42.1007457,
        1417.6
      ],
      [
        19.1912656,
        42.1007597,
        1418.4
      ],
      [
        19.1912708,
        42.100776,
        1418.8
      ],
      [
        19.1912816,
        42.1007893,
        1419.4
      ],
      [
        19.1912847,
        42.1007926,
        1419.6
      ],
      [
        19.1913071,
        42.1008029,
        1420.2
      ],
      [
        19.1913104,
        42.1008118,
        1420.6
      ],
      [
        19.1913077,
        42.1008148,
        1420.8
      ],
      [
        19.1912938,
        42.1008247,
        1421.2
      ],
      [
        19.191293,
        42.1008344,
        1421.4
      ],
      [
        19.191295,
        42.1008392,
        1421.6
      ],
      [
        19.1912988,
        42.1008683,
        1422.8
      ],
      [
        19.1912793,
        42.1008672,
        1423
      ],
      [
        19.1912443,
        42.1008688,
        1423.4
      ],
      [
        19.1912463,
        42.1008728,
        1423.6
      ],
      [
        19.1912481,
        42.1008768,
        1423.8
      ],
      [
        19.1912473,
        42.1008837,
        1424
      ],
      [
        19.1912422,
        42.1009118,
        1424.8
      ],
      [
        19.191216,
        42.1009278,
        1425.6
      ],
      [
        19.1912135,
        42.1009255,
        1425.8
      ],
      [
        19.1911799,
        42.1009322,
        1426.8
      ],
      [
        19.1911749,
        42.1009368,
        1427
      ],
      [
        19.1911437,
        42.1009537,
        1428
      ],
      [
        19.1911287,
        42.1009595,
        1428.4
      ],
      [
        19.1911107,
        42.1009579,
        1428.8
      ],
      [
        19.1911111,
        42.1009509,
        1429
      ],
      [
        19.1910913,
        42.1009457,
        1429.8
      ],
      [
        19.1910911,
        42.1009628,
        1429.8
      ],
      [
        19.1910958,
        42.1009822,
        1429.6
      ],
      [
        19.1911053,
        42.1010036,
        1430.4
      ],
      [
        19.1911038,
        42.1010187,
        1431.2
      ],
      [
        19.191103,
        42.101025,
        1431.4
      ],
      [
        19.1910888,
        42.1010434,
        1432.2
      ],
      [
        19.1910841,
        42.1010511,
        1432
      ],
      [
        19.1910699,
        42.1010671,
        1432.4
      ],
      [
        19.1910659,
        42.1010717,
        1432.6
      ],
      [
        19.1910552,
        42.1010972,
        1433.4
      ],
      [
        19.1910423,
        42.1011,
        1434
      ],
      [
        19.1910314,
        42.1011165,
        1434
      ],
      [
        19.1910308,
        42.1011194,
        1434.2
      ],
      [
        19.191035,
        42.1011317,
        1434.6
      ],
      [
        19.1910521,
        42.1011549,
        1435.4
      ],
      [
        19.1910471,
        42.1011611,
        1435.8
      ],
      [
        19.1910104,
        42.1011563,
        1436.2
      ],
      [
        19.1910037,
        42.1011569,
        1436.6
      ],
      [
        19.1910027,
        42.1011575,
        1436.6
      ],
      [
        19.191001,
        42.1011587,
        1436.8
      ],
      [
        19.1909879,
        42.101162,
        1436.8
      ],
      [
        19.1909761,
        42.1011712,
        1437
      ],
      [
        19.1909504,
        42.1011894,
        1437.8
      ],
      [
        19.190943,
        42.1011977,
        1438.2
      ],
      [
        19.1909395,
        42.1012048,
        1438.8
      ],
      [
        19.1909273,
        42.1012186,
        1439.2
      ],
      [
        19.1909236,
        42.1012263,
        1439.4
      ],
      [
        19.1909372,
        42.1012371,
        1440
      ],
      [
        19.1909471,
        42.1012412,
        1440.2
      ],
      [
        19.1909587,
        42.1012469,
        1441
      ],
      [
        19.190948,
        42.1012614,
        1441.6
      ],
      [
        19.1909554,
        42.1012749,
        1442.2
      ],
      [
        19.1909617,
        42.1012843,
        1442.6
      ],
      [
        19.1909645,
        42.1012973,
        1443.2
      ],
      [
        19.1909533,
        42.1013133,
        1444
      ],
      [
        19.1909374,
        42.1013058,
        1444.4
      ],
      [
        19.1909126,
        42.1013078,
        1445
      ],
      [
        19.1909091,
        42.1013127,
        1445.4
      ],
      [
        19.1908969,
        42.1013174,
        1445.8
      ],
      [
        19.1908499,
        42.1013195,
        1446.6
      ],
      [
        19.1908458,
        42.1013183,
        1446.6
      ],
      [
        19.1908221,
        42.1013153,
        1447.6
      ],
      [
        19.1908093,
        42.1013226,
        1448.4
      ],
      [
        19.1908178,
        42.10134,
        1448.6
      ],
      [
        19.1908206,
        42.101347,
        1448.8
      ],
      [
        19.1908123,
        42.1013627,
        1449.8
      ],
      [
        19.1908247,
        42.101372,
        1450.6
      ],
      [
        19.1908317,
        42.1013836,
        1450.8
      ],
      [
        19.1908419,
        42.1013965,
        1451
      ],
      [
        19.1908401,
        42.1014042,
        1451.4
      ],
      [
        19.1908375,
        42.1014029,
        1451.6
      ],
      [
        19.1908445,
        42.101414,
        1451.2
      ],
      [
        19.1908449,
        42.1014168,
        1451.8
      ],
      [
        19.1908448,
        42.1014167,
        1452.2
      ],
      [
        19.1908351,
        42.1014265,
        1453.2
      ],
      [
        19.1908261,
        42.1014302,
        1453.4
      ],
      [
        19.1908231,
        42.101425,
        1453
      ],
      [
        19.1908231,
        42.101425,
        1452.6
      ],
      [
        19.1908152,
        42.1014231,
        1453.4
      ],
      [
        19.1908032,
        42.1014297,
        1453.6
      ],
      [
        19.1907949,
        42.1014433,
        1453.6
      ],
      [
        19.190796,
        42.1014433,
        1453.8
      ],
      [
        19.1907959,
        42.1014433,
        1454
      ],
      [
        19.1907959,
        42.1014433,
        1454
      ],
      [
        19.1908059,
        42.1014496,
        1454.4
      ],
      [
        19.1908093,
        42.101453,
        1454.6
      ],
      [
        19.1908012,
        42.1014733,
        1455.4
      ],
      [
        19.1908019,
        42.1014779,
        1455.6
      ],
      [
        19.190808,
        42.101493,
        1456.6
      ],
      [
        19.1908033,
        42.1014954,
        1456.8
      ],
      [
        19.1908028,
        42.101497,
        1457.6
      ],
      [
        19.1908028,
        42.101497,
        1457.4
      ],
      [
        19.1908028,
        42.101497,
        1457
      ],
      [
        19.1908028,
        42.101497,
        1456.8
      ],
      [
        19.1908028,
        42.101497,
        1457.2
      ],
      [
        19.1908028,
        42.101497,
        1456.8
      ],
      [
        19.1908028,
        42.101497,
        1456.8
      ],
      [
        19.1908033,
        42.1014962,
        1456.8
      ],
      [
        19.1907981,
        42.101494,
        1456.6
      ],
      [
        19.1907976,
        42.1014945,
        1456.4
      ],
      [
        19.1908029,
        42.101497,
        1456.4
      ],
      [
        19.1908029,
        42.101497,
        1456.6
      ],
      [
        19.1908028,
        42.101497,
        1456.6
      ],
      [
        19.1908028,
        42.101497,
        1456.8
      ],
      [
        19.1908028,
        42.101497,
        1456.6
      ],
      [
        19.1908028,
        42.101497,
        1456.6
      ],
      [
        19.1908028,
        42.101497,
        1457.2
      ],
      [
        19.1908028,
        42.101497,
        1457
      ],
      [
        19.1908028,
        42.101497,
        1457.4
      ],
      [
        19.1908028,
        42.101497,
        1457.4
      ],
      [
        19.1908028,
        42.101497,
        1457.4
      ],
      [
        19.1908028,
        42.101497,
        1457.2
      ],
      [
        19.1908028,
        42.101497,
        1457.2
      ],
      [
        19.1907971,
        42.1014946,
        1457.2
      ],
      [
        19.1907747,
        42.1014995,
        1458.2
      ],
      [
        19.190775,
        42.1014997,
        1458.2
      ],
      [
        19.190764,
        42.1015069,
        1458.4
      ],
      [
        19.1907598,
        42.1015124,
        1458.8
      ],
      [
        19.190768,
        42.1015251,
        1459.6
      ],
      [
        19.1907717,
        42.1015373,
        1460.2
      ],
      [
        19.1907888,
        42.1015573,
        1460.6
      ],
      [
        19.190789,
        42.1015617,
        1460.8
      ],
      [
        19.1907978,
        42.1015769,
        1461.6
      ],
      [
        19.1907898,
        42.1015957,
        1462.4
      ],
      [
        19.1907877,
        42.1016121,
        1462
      ],
      [
        19.1907941,
        42.1016238,
        1462.6
      ],
      [
        19.190797,
        42.1016279,
        1462.8
      ],
      [
        19.1908028,
        42.101649,
        1463.4
      ],
      [
        19.1908004,
        42.1016489,
        1463.6
      ],
      [
        19.1907898,
        42.1016512,
        1464.2
      ],
      [
        19.1907794,
        42.1016505,
        1464.4
      ],
      [
        19.1907707,
        42.1016489,
        1464.8
      ],
      [
        19.1907528,
        42.1016351,
        1466
      ],
      [
        19.1907517,
        42.1016322,
        1466.2
      ],
      [
        19.1907455,
        42.1016311,
        1466.2
      ],
      [
        19.1907217,
        42.1016296,
        1466.2
      ],
      [
        19.1906986,
        42.1016406,
        1467
      ],
      [
        19.1906939,
        42.1016502,
        1467.6
      ],
      [
        19.1906944,
        42.101661,
        1468
      ],
      [
        19.1906945,
        42.1016631,
        1468.2
      ],
      [
        19.1907104,
        42.1016805,
        1468.8
      ],
      [
        19.1907119,
        42.1016838,
        1469
      ],
      [
        19.1907121,
        42.1016883,
        1469.2
      ],
      [
        19.1907137,
        42.1016973,
        1469.8
      ],
      [
        19.1907169,
        42.1017007,
        1469.8
      ],
      [
        19.1907169,
        42.101715,
        1470.2
      ],
      [
        19.1907258,
        42.1017356,
        1471.2
      ],
      [
        19.1907235,
        42.1017396,
        1471.2
      ],
      [
        19.190715,
        42.1017389,
        1471.2
      ],
      [
        19.1907178,
        42.1017415,
        1471.2
      ],
      [
        19.1907164,
        42.1017535,
        1472.2
      ],
      [
        19.1907152,
        42.1017504,
        1472.4
      ],
      [
        19.1907129,
        42.101751,
        1472.8
      ],
      [
        19.1907129,
        42.101751,
        1472.8
      ],
      [
        19.1907129,
        42.101751,
        1473.2
      ],
      [
        19.1907129,
        42.101751,
        1473.2
      ],
      [
        19.1907071,
        42.1017565,
        1473.4
      ],
      [
        19.1906918,
        42.10178,
        1474
      ],
      [
        19.1906946,
        42.1017808,
        1474.2
      ],
      [
        19.1907014,
        42.1017877,
        1474.4
      ],
      [
        19.1906865,
        42.1018008,
        1474.4
      ],
      [
        19.1906756,
        42.1018059,
        1474.6
      ],
      [
        19.1906614,
        42.101804,
        1475.2
      ],
      [
        19.1906615,
        42.1018036,
        1475.2
      ],
      [
        19.1906615,
        42.1018036,
        1475
      ],
      [
        19.1906608,
        42.1018034,
        1475.4
      ],
      [
        19.1906653,
        42.1018044,
        1475.6
      ],
      [
        19.1906583,
        42.1017999,
        1476.2
      ],
      [
        19.1906598,
        42.1017994,
        1476.4
      ],
      [
        19.1906598,
        42.1017994,
        1476.4
      ],
      [
        19.1906573,
        42.1017987,
        1476.8
      ],
      [
        19.1906472,
        42.1017976,
        1476.6
      ],
      [
        19.1906615,
        42.1018036,
        1476.8
      ],
      [
        19.1906615,
        42.1018036,
        1476.6
      ],
      [
        19.1906615,
        42.1018036,
        1476.6
      ],
      [
        19.1906468,
        42.1018093,
        1476.6
      ],
      [
        19.1906615,
        42.1018036,
        1476.6
      ],
      [
        19.1906615,
        42.1018036,
        1476.6
      ],
      [
        19.1906615,
        42.1018036,
        1476.4
      ],
      [
        19.1906615,
        42.1018036,
        1476.4
      ],
      [
        19.190628,
        42.1018061,
        1477.2
      ],
      [
        19.1906243,
        42.1018038,
        1477.6
      ],
      [
        19.1906045,
        42.1018069,
        1478
      ],
      [
        19.1906012,
        42.1018047,
        1478
      ],
      [
        19.1906007,
        42.1018033,
        1478.2
      ],
      [
        19.1905902,
        42.1018026,
        1478.4
      ],
      [
        19.1905846,
        42.1018017,
        1478.6
      ],
      [
        19.1905769,
        42.1018099,
        1479
      ],
      [
        19.1905774,
        42.1018105,
        1479.6
      ],
      [
        19.1905702,
        42.10181,
        1479.8
      ],
      [
        19.1905682,
        42.1018079,
        1480
      ],
      [
        19.1905595,
        42.1018013,
        1480.2
      ],
      [
        19.1905433,
        42.1018145,
        1480.8
      ],
      [
        19.1905339,
        42.1018385,
        1481.8
      ],
      [
        19.190522,
        42.1018582,
        1482.8
      ],
      [
        19.1905309,
        42.1018815,
        1483.8
      ],
      [
        19.1905293,
        42.1018847,
        1484
      ],
      [
        19.1905306,
        42.1019132,
        1484.8
      ],
      [
        19.1905304,
        42.1019188,
        1485.2
      ],
      [
        19.1905334,
        42.101924,
        1485.4
      ],
      [
        19.1905322,
        42.1019323,
        1485.4
      ],
      [
        19.1905254,
        42.1019478,
        1485.6
      ],
      [
        19.1905243,
        42.1019555,
        1486.2
      ],
      [
        19.1905256,
        42.1019545,
        1486.8
      ],
      [
        19.1905127,
        42.1019719,
        1487
      ],
      [
        19.1905088,
        42.1019753,
        1487.2
      ],
      [
        19.1905054,
        42.1019773,
        1487.4
      ],
      [
        19.1904931,
        42.1019741,
        1487.8
      ],
      [
        19.1904868,
        42.1019939,
        1488.4
      ],
      [
        19.1904881,
        42.1019924,
        1488.8
      ],
      [
        19.1904895,
        42.1019908,
        1488.6
      ],
      [
        19.1904901,
        42.1019881,
        1488.8
      ],
      [
        19.1904864,
        42.1020105,
        1489.4
      ],
      [
        19.1904789,
        42.102012,
        1489.8
      ],
      [
        19.1904789,
        42.102012,
        1490
      ],
      [
        19.1904789,
        42.102012,
        1490
      ],
      [
        19.1904789,
        42.102012,
        1490
      ],
      [
        19.1904789,
        42.102012,
        1489.8
      ],
      [
        19.1904789,
        42.102012,
        1489.8
      ],
      [
        19.1904789,
        42.102012,
        1489.6
      ],
      [
        19.1904789,
        42.102012,
        1489.4
      ],
      [
        19.1904789,
        42.102012,
        1489.2
      ],
      [
        19.1904789,
        42.102012,
        1489
      ],
      [
        19.1904789,
        42.102012,
        1489.2
      ],
      [
        19.1904843,
        42.1020076,
        1489.4
      ],
      [
        19.1904851,
        42.1020098,
        1489.4
      ],
      [
        19.1904826,
        42.1020136,
        1489.4
      ],
      [
        19.1904789,
        42.102012,
        1489.2
      ],
      [
        19.1904789,
        42.102012,
        1489.2
      ],
      [
        19.1904789,
        42.102012,
        1489.4
      ],
      [
        19.1904791,
        42.1020069,
        1489.4
      ],
      [
        19.1904764,
        42.10201,
        1489.4
      ],
      [
        19.1904744,
        42.1020063,
        1489.2
      ],
      [
        19.1904839,
        42.1020069,
        1489.2
      ],
      [
        19.1904868,
        42.1020086,
        1488.8
      ],
      [
        19.1904789,
        42.102012,
        1488.8
      ],
      [
        19.1904789,
        42.102012,
        1488.8
      ],
      [
        19.1904789,
        42.102012,
        1488.8
      ],
      [
        19.1904789,
        42.102012,
        1489
      ],
      [
        19.1904789,
        42.102012,
        1489
      ],
      [
        19.1904789,
        42.102012,
        1489
      ],
      [
        19.1904789,
        42.102012,
        1488.8
      ],
      [
        19.1904868,
        42.1020142,
        1488.8
      ],
      [
        19.1904789,
        42.102012,
        1488.6
      ],
      [
        19.1904789,
        42.102012,
        1488.4
      ],
      [
        19.1904789,
        42.102012,
        1488.6
      ],
      [
        19.1904789,
        42.102012,
        1488.8
      ],
      [
        19.1904789,
        42.102012,
        1488.6
      ],
      [
        19.1904868,
        42.1020128,
        1488.8
      ],
      [
        19.1904789,
        42.102012,
        1488.4
      ],
      [
        19.1904789,
        42.102012,
        1488.4
      ],
      [
        19.1905061,
        42.1019976,
        1488.8
      ],
      [
        19.1905024,
        42.1019983,
        1489
      ],
      [
        19.1904952,
        42.1020034,
        1489
      ],
      [
        19.1904874,
        42.1020079,
        1489.2
      ],
      [
        19.1904826,
        42.1020184,
        1489.2
      ],
      [
        19.1904899,
        42.1020076,
        1489.2
      ],
      [
        19.1904886,
        42.1020058,
        1489.2
      ],
      [
        19.1904807,
        42.1020058,
        1489.2
      ],
      [
        19.1904831,
        42.1020017,
        1488.8
      ],
      [
        19.1904783,
        42.1020064,
        1488.8
      ],
      [
        19.1904805,
        42.1020058,
        1488.6
      ],
      [
        19.1904805,
        42.102004,
        1488.6
      ],
      [
        19.1904774,
        42.1020014,
        1489
      ],
      [
        19.1904786,
        42.1020092,
        1488.8
      ],
      [
        19.1904794,
        42.1020084,
        1488.8
      ],
      [
        19.1904735,
        42.1020083,
        1488.8
      ],
      [
        19.1904789,
        42.102012,
        1488.6
      ],
      [
        19.1904789,
        42.102012,
        1488.8
      ],
      [
        19.1904815,
        42.1020091,
        1488.6
      ],
      [
        19.1904953,
        42.10201,
        1488.6
      ],
      [
        19.1904933,
        42.1020117,
        1488.8
      ],
      [
        19.1904828,
        42.1020135,
        1488.8
      ],
      [
        19.1904833,
        42.1020089,
        1489.2
      ],
      [
        19.1904805,
        42.1020087,
        1489
      ],
      [
        19.190476,
        42.1020092,
        1489
      ],
      [
        19.1904795,
        42.1020092,
        1489
      ],
      [
        19.1904906,
        42.1020057,
        1489.4
      ],
      [
        19.1904817,
        42.1020172,
        1489.2
      ],
      [
        19.1904624,
        42.1020374,
        1490.2
      ],
      [
        19.1904604,
        42.1020484,
        1490.4
      ],
      [
        19.1904661,
        42.1020642,
        1491.2
      ],
      [
        19.1904694,
        42.1020697,
        1491.4
      ],
      [
        19.190463,
        42.1020846,
        1492.4
      ],
      [
        19.1904689,
        42.10209,
        1492.6
      ],
      [
        19.1904663,
        42.1020984,
        1493
      ],
      [
        19.1904614,
        42.1021042,
        1493.6
      ],
      [
        19.1904578,
        42.1021106,
        1493.8
      ],
      [
        19.1904521,
        42.1021216,
        1494.6
      ],
      [
        19.1904573,
        42.102139,
        1495.4
      ],
      [
        19.1904571,
        42.1021395,
        1495.6
      ],
      [
        19.1904468,
        42.1021492,
        1495.8
      ],
      [
        19.1904265,
        42.1021561,
        1496.2
      ],
      [
        19.1904263,
        42.1021509,
        1496.8
      ],
      [
        19.1904261,
        42.102151,
        1497.2
      ],
      [
        19.1904195,
        42.1021558,
        1497
      ],
      [
        19.1904146,
        42.102159,
        1497.4
      ],
      [
        19.1904163,
        42.1021557,
        1498
      ],
      [
        19.1904086,
        42.1021592,
        1497.8
      ],
      [
        19.1903997,
        42.1021619,
        1497.8
      ],
      [
        19.1903845,
        42.102168,
        1498.8
      ],
      [
        19.1903819,
        42.1021673,
        1498.8
      ],
      [
        19.1903786,
        42.102169,
        1499
      ],
      [
        19.1903722,
        42.1021802,
        1499.8
      ],
      [
        19.1903719,
        42.1021853,
        1500
      ],
      [
        19.190374,
        42.1022016,
        1500.8
      ],
      [
        19.1903806,
        42.1022067,
        1501.2
      ],
      [
        19.190377,
        42.1022192,
        1502
      ],
      [
        19.190378,
        42.102228,
        1502.2
      ],
      [
        19.1903661,
        42.1022474,
        1503.4
      ],
      [
        19.1903542,
        42.1022659,
        1504.6
      ],
      [
        19.1903384,
        42.1022733,
        1505
      ],
      [
        19.1903307,
        42.1022845,
        1505.6
      ],
      [
        19.1903277,
        42.1022985,
        1506
      ],
      [
        19.1903065,
        42.1023228,
        1506.6
      ],
      [
        19.1903007,
        42.1023293,
        1507
      ],
      [
        19.1902913,
        42.1023311,
        1507.8
      ],
      [
        19.1902812,
        42.1023456,
        1508.4
      ],
      [
        19.1902783,
        42.1023493,
        1508.4
      ],
      [
        19.190272,
        42.1023635,
        1508.8
      ],
      [
        19.1902606,
        42.1023736,
        1509.8
      ],
      [
        19.1902381,
        42.1023822,
        1510.4
      ],
      [
        19.1902185,
        42.1023942,
        1511
      ],
      [
        19.1902138,
        42.1023951,
        1511
      ],
      [
        19.1902082,
        42.1024138,
        1511.4
      ],
      [
        19.1902168,
        42.1024425,
        1511.8
      ],
      [
        19.1902099,
        42.102454,
        1511.8
      ],
      [
        19.190183,
        42.102487,
        1511.4
      ],
      [
        19.1901717,
        42.1025101,
        1511.4
      ],
      [
        19.1901621,
        42.1025145,
        1512
      ],
      [
        19.1901592,
        42.1025167,
        1512
      ],
      [
        19.1901479,
        42.1025344,
        1512.6
      ],
      [
        19.190135,
        42.1025416,
        1512.4
      ],
      [
        19.1901248,
        42.1025478,
        1512.8
      ],
      [
        19.1901246,
        42.1025451,
        1513
      ],
      [
        19.1901222,
        42.1025438,
        1513
      ],
      [
        19.1901148,
        42.1025593,
        1513.2
      ],
      [
        19.1901109,
        42.1025614,
        1513.2
      ],
      [
        19.19011,
        42.1025741,
        1513.8
      ],
      [
        19.1901061,
        42.1025839,
        1514
      ],
      [
        19.1901046,
        42.1025841,
        1514
      ],
      [
        19.1900916,
        42.1025787,
        1515.2
      ],
      [
        19.1900944,
        42.1025813,
        1515.4
      ],
      [
        19.190103,
        42.1025832,
        1515.4
      ],
      [
        19.190103,
        42.1025832,
        1515.4
      ],
      [
        19.1901019,
        42.1025814,
        1516
      ],
      [
        19.1900897,
        42.1025742,
        1516.2
      ],
      [
        19.1900867,
        42.1025695,
        1516.4
      ],
      [
        19.1900801,
        42.1025652,
        1516.4
      ],
      [
        19.1900828,
        42.1025676,
        1516.6
      ],
      [
        19.1900647,
        42.1025715,
        1516.6
      ],
      [
        19.190061,
        42.1025615,
        1516.6
      ],
      [
        19.1900533,
        42.1025596,
        1517.2
      ],
      [
        19.1900421,
        42.1025619,
        1518
      ],
      [
        19.1900343,
        42.1025653,
        1518.4
      ],
      [
        19.1900218,
        42.1025689,
        1518.8
      ],
      [
        19.1900039,
        42.1025837,
        1519.4
      ],
      [
        19.1899835,
        42.1026066,
        1520.6
      ],
      [
        19.189975,
        42.1026093,
        1520.8
      ],
      [
        19.189963,
        42.1026201,
        1521.6
      ],
      [
        19.189963,
        42.1026231,
        1521.4
      ],
      [
        19.1899341,
        42.1026492,
        1521.6
      ],
      [
        19.1899022,
        42.1026729,
        1522.6
      ],
      [
        19.1898947,
        42.1026833,
        1523
      ],
      [
        19.1898768,
        42.1027102,
        1523.4
      ],
      [
        19.1898761,
        42.1027113,
        1523.6
      ],
      [
        19.1898719,
        42.1027202,
        1523.8
      ],
      [
        19.1898675,
        42.1027281,
        1524.4
      ],
      [
        19.1898559,
        42.1027368,
        1524.4
      ],
      [
        19.1898309,
        42.1027544,
        1524.6
      ],
      [
        19.189829,
        42.1027518,
        1524.6
      ],
      [
        19.1898247,
        42.1027568,
        1525.6
      ],
      [
        19.189822,
        42.1027565,
        1525.8
      ],
      [
        19.1898356,
        42.1027574,
        1525.8
      ],
      [
        19.1898356,
        42.1027607,
        1526.8
      ],
      [
        19.1898378,
        42.102762,
        1527
      ],
      [
        19.1898414,
        42.1027623,
        1527
      ],
      [
        19.1898453,
        42.1027508,
        1527.2
      ],
      [
        19.1898397,
        42.1027635,
        1527.4
      ],
      [
        19.1898397,
        42.1027635,
        1527.2
      ],
      [
        19.1898336,
        42.1027517,
        1527.4
      ],
      [
        19.1898091,
        42.1027554,
        1527.6
      ],
      [
        19.1898106,
        42.1027542,
        1527.8
      ],
      [
        19.1898064,
        42.1027523,
        1528.8
      ],
      [
        19.1898057,
        42.1027497,
        1529
      ],
      [
        19.1898078,
        42.102749,
        1529.4
      ],
      [
        19.1898082,
        42.1027686,
        1530.2
      ],
      [
        19.1897997,
        42.1027708,
        1530.4
      ],
      [
        19.1897878,
        42.1027735,
        1531.2
      ],
      [
        19.1897717,
        42.1027787,
        1531.8
      ],
      [
        19.1897576,
        42.1027944,
        1532
      ],
      [
        19.1897424,
        42.1028003,
        1532.2
      ],
      [
        19.1897354,
        42.1028032,
        1533
      ],
      [
        19.1897447,
        42.1027988,
        1533.2
      ],
      [
        19.1897186,
        42.1027919,
        1533.6
      ],
      [
        19.1897026,
        42.1027937,
        1534.4
      ],
      [
        19.1897042,
        42.1027936,
        1535
      ],
      [
        19.1897111,
        42.1027924,
        1534.8
      ],
      [
        19.1897066,
        42.1027929,
        1534.8
      ],
      [
        19.1896994,
        42.1027944,
        1535.2
      ],
      [
        19.1896995,
        42.1027942,
        1535.6
      ],
      [
        19.1897034,
        42.1027971,
        1536.2
      ],
      [
        19.1897012,
        42.1027964,
        1536.2
      ],
      [
        19.1896932,
        42.1028029,
        1536
      ],
      [
        19.1896846,
        42.1028063,
        1536.2
      ],
      [
        19.1896817,
        42.1028058,
        1536.6
      ],
      [
        19.1896793,
        42.1028044,
        1537.2
      ],
      [
        19.1896787,
        42.1028106,
        1537.2
      ],
      [
        19.1896776,
        42.1028181,
        1537.6
      ],
      [
        19.1896782,
        42.1028205,
        1537.8
      ],
      [
        19.1896782,
        42.1028205,
        1537.2
      ],
      [
        19.1896782,
        42.1028205,
        1537.2
      ],
      [
        19.1896874,
        42.1028183,
        1537.6
      ],
      [
        19.1896688,
        42.1028259,
        1538.8
      ],
      [
        19.1896652,
        42.1028258,
        1539
      ],
      [
        19.1896611,
        42.1028227,
        1539.8
      ],
      [
        19.1896622,
        42.1028206,
        1540
      ],
      [
        19.1896415,
        42.1028181,
        1541
      ],
      [
        19.189624,
        42.1028251,
        1541.8
      ],
      [
        19.1896182,
        42.1028303,
        1541.8
      ],
      [
        19.1896176,
        42.1028332,
        1542.2
      ],
      [
        19.1896179,
        42.1028333,
        1542.4
      ],
      [
        19.1896213,
        42.1028328,
        1542.6
      ],
      [
        19.1896092,
        42.1028304,
        1543.2
      ],
      [
        19.1896082,
        42.1028272,
        1543.4
      ],
      [
        19.1895968,
        42.1028217,
        1543.4
      ],
      [
        19.189593,
        42.1028226,
        1543.4
      ],
      [
        19.1895851,
        42.1028196,
        1543.8
      ],
      [
        19.1895794,
        42.1028221,
        1544
      ],
      [
        19.1895771,
        42.1028377,
        1544.4
      ],
      [
        19.1895812,
        42.1028468,
        1545
      ],
      [
        19.1895895,
        42.1028601,
        1545.4
      ],
      [
        19.1895901,
        42.1028634,
        1545.6
      ],
      [
        19.1895911,
        42.1028668,
        1546.2
      ],
      [
        19.1895856,
        42.1028756,
        1546.6
      ],
      [
        19.1895796,
        42.1028728,
        1547.2
      ],
      [
        19.1895684,
        42.102866,
        1547.2
      ],
      [
        19.1895643,
        42.1028626,
        1547
      ],
      [
        19.1895644,
        42.1028595,
        1547
      ],
      [
        19.1895566,
        42.102857,
        1547.2
      ],
      [
        19.1895553,
        42.1028635,
        1547.6
      ],
      [
        19.1895509,
        42.1028634,
        1548
      ],
      [
        19.1895481,
        42.1028726,
        1548.4
      ],
      [
        19.1895442,
        42.1028763,
        1548.6
      ],
      [
        19.1895242,
        42.1028735,
        1549
      ],
      [
        19.1895213,
        42.1028709,
        1548.8
      ],
      [
        19.189521,
        42.1028682,
        1548.6
      ],
      [
        19.1895339,
        42.1028694,
        1549.4
      ],
      [
        19.1895267,
        42.1028688,
        1549.6
      ],
      [
        19.1895238,
        42.1028704,
        1549.8
      ],
      [
        19.1894885,
        42.102889,
        1550.6
      ],
      [
        19.1894862,
        42.1028904,
        1550.8
      ],
      [
        19.1894834,
        42.1028863,
        1551.2
      ],
      [
        19.1894873,
        42.1028854,
        1551.2
      ],
      [
        19.1894886,
        42.1028872,
        1551.4
      ],
      [
        19.1894899,
        42.102888,
        1551.4
      ],
      [
        19.1894823,
        42.1028946,
        1551.8
      ],
      [
        19.1894776,
        42.1028942,
        1552
      ],
      [
        19.1894824,
        42.1028954,
        1552.4
      ],
      [
        19.1894811,
        42.1028974,
        1552.6
      ],
      [
        19.1894919,
        42.1028994,
        1552.4
      ],
      [
        19.1894897,
        42.1029013,
        1552.6
      ],
      [
        19.1894821,
        42.1028978,
        1552.4
      ],
      [
        19.1894782,
        42.1028879,
        1552.6
      ],
      [
        19.1894767,
        42.1028854,
        1553
      ],
      [
        19.189463,
        42.1028794,
        1553.6
      ],
      [
        19.189459,
        42.1028801,
        1553.6
      ],
      [
        19.1894571,
        42.1028821,
        1554
      ],
      [
        19.1894543,
        42.1028781,
        1553.8
      ],
      [
        19.1894479,
        42.1028724,
        1553.8
      ],
      [
        19.1894562,
        42.1028755,
        1554.2
      ],
      [
        19.1894592,
        42.1028785,
        1554
      ],
      [
        19.1894524,
        42.1028787,
        1554.4
      ],
      [
        19.1894342,
        42.1028854,
        1554.4
      ],
      [
        19.1894375,
        42.1028836,
        1555
      ],
      [
        19.1894265,
        42.1028983,
        1555.2
      ],
      [
        19.1894204,
        42.1029008,
        1555.4
      ],
      [
        19.1894151,
        42.1029038,
        1555.6
      ],
      [
        19.1894061,
        42.102906,
        1555.8
      ],
      [
        19.1894029,
        42.1029079,
        1556.2
      ],
      [
        19.1893973,
        42.1029092,
        1556.6
      ],
      [
        19.1893972,
        42.1029139,
        1556.6
      ],
      [
        19.1893925,
        42.1029207,
        1557.4
      ],
      [
        19.1893578,
        42.1029279,
        1558.4
      ],
      [
        19.1893629,
        42.1029357,
        1559.2
      ],
      [
        19.1893615,
        42.10294,
        1559.2
      ],
      [
        19.1893625,
        42.1029414,
        1559.4
      ],
      [
        19.1893625,
        42.1029414,
        1559.6
      ],
      [
        19.1893348,
        42.1029528,
        1560.6
      ],
      [
        19.1893344,
        42.102954,
        1560.8
      ],
      [
        19.1893269,
        42.1029506,
        1561.6
      ],
      [
        19.1893173,
        42.1029611,
        1562.2
      ],
      [
        19.1893109,
        42.1029652,
        1562.4
      ],
      [
        19.1893108,
        42.1029653,
        1562.4
      ],
      [
        19.1893108,
        42.1029653,
        1562.2
      ],
      [
        19.1892994,
        42.1029705,
        1562.2
      ],
      [
        19.1892915,
        42.1029735,
        1562.6
      ],
      [
        19.1892843,
        42.1029742,
        1563
      ],
      [
        19.1892759,
        42.1029794,
        1563.8
      ],
      [
        19.1892759,
        42.1029794,
        1563.8
      ],
      [
        19.1892625,
        42.1029821,
        1563.8
      ],
      [
        19.1892621,
        42.10298,
        1564.2
      ],
      [
        19.1892663,
        42.1029817,
        1564.8
      ],
      [
        19.1892544,
        42.1029809,
        1565
      ],
      [
        19.1892451,
        42.1029781,
        1566
      ],
      [
        19.1892396,
        42.1029745,
        1566
      ],
      [
        19.1892274,
        42.1029888,
        1566.6
      ],
      [
        19.1892287,
        42.102991,
        1567
      ],
      [
        19.1892079,
        42.1029933,
        1567
      ],
      [
        19.1892,
        42.1029951,
        1567.6
      ],
      [
        19.1891933,
        42.1029996,
        1567.8
      ],
      [
        19.189182,
        42.103004,
        1568.2
      ],
      [
        19.1891736,
        42.1030061,
        1568.8
      ],
      [
        19.1891726,
        42.1030039,
        1569
      ],
      [
        19.1891615,
        42.1030028,
        1569.2
      ],
      [
        19.1891272,
        42.1029996,
        1569.6
      ],
      [
        19.1891094,
        42.1030035,
        1570
      ],
      [
        19.1891093,
        42.1029999,
        1570.4
      ],
      [
        19.1890978,
        42.1030012,
        1570.8
      ],
      [
        19.1890823,
        42.103008,
        1571.6
      ],
      [
        19.1890559,
        42.1030141,
        1572.2
      ],
      [
        19.1890404,
        42.1030123,
        1572.6
      ],
      [
        19.1890363,
        42.1030091,
        1572.8
      ],
      [
        19.1890087,
        42.1030102,
        1573.4
      ],
      [
        19.1890055,
        42.1030109,
        1573.6
      ],
      [
        19.1890017,
        42.1030128,
        1574.2
      ],
      [
        19.1889928,
        42.1030105,
        1574.6
      ],
      [
        19.1889834,
        42.1030097,
        1574.8
      ],
      [
        19.1889744,
        42.1030113,
        1575.2
      ],
      [
        19.1889561,
        42.1030111,
        1576
      ],
      [
        19.1889333,
        42.1030127,
        1576.4
      ],
      [
        19.1889135,
        42.1030037,
        1577
      ],
      [
        19.1889031,
        42.1030074,
        1577.6
      ],
      [
        19.1888971,
        42.103008,
        1578.2
      ],
      [
        19.1888744,
        42.1030099,
        1578.8
      ],
      [
        19.1888419,
        42.1030244,
        1579.4
      ],
      [
        19.1888276,
        42.1030253,
        1579.8
      ],
      [
        19.1888125,
        42.1030225,
        1579.6
      ],
      [
        19.1888107,
        42.1030188,
        1580
      ],
      [
        19.1888118,
        42.1030168,
        1580.4
      ],
      [
        19.1887859,
        42.1030159,
        1581
      ],
      [
        19.1887661,
        42.1030216,
        1581.4
      ]
    ]
  }
}
